都道府県,市区町村,店舗名・施設名,分類,関連リンク1タイトル,関連リンク1URL,関連リンク2タイトル,関連リンク2URL,関連リンク3タイトル,関連リンク3URL,説明・狙い目,公式サイト,Googleマップ,雰囲気,公式検索,地図検索名,参照,食堂・レストラン名,住所,建物の竣工年,開始時間,終了時間,一般利用可能,狙い目
東京都,台東区,東京都美術館｜RESTAURANT MUSE,美術館内レストラン・カフェ,,,,,,,東京都美術館内。展覧会を見ない来館者も利用可能。,https://www.tobikan.jp/,,公共施設内の食堂・レストラン,,東京都美術館 RESTAURANT MUSE,https://www.tobikan.jp/,RESTAURANT MUSE,東京都台東区上野公園8-36,1977,11:00,17:30,確認済み（一般利用可）,公募展空間と公園側の視界をつなぐ飲食空間。
東京都,台東区,東京都美術館｜RESTAURANT salon,美術館内レストラン・カフェ,,,,,,,東京都美術館内。展覧会を見ない来館者も利用可能。,https://www.tobikan.jp/,,公共施設内の食堂・レストラン,,東京都美術館 RESTAURANT salon,https://www.tobikan.jp/,RESTAURANT salon,東京都台東区上野公園8-36,1977,11:00,17:30,確認済み（一般利用可）,公募展空間と公園側の視界をつなぐ飲食空間。
東京都,台東区,東京都美術館｜cafe Art,美術館内レストラン・カフェ,,,,,,,東京都美術館内。展覧会を見ない来館者も利用可能。,https://www.tobikan.jp/,,公共施設内の食堂・レストラン,,東京都美術館 cafe Art,https://www.tobikan.jp/,cafe Art,東京都台東区上野公園8-36,1977,09:30,17:30,確認済み（一般利用可）,公募展空間と公園側の視界をつなぐ飲食空間。
東京都,台東区,東京国立博物館｜THE RESTAURANT 東京国立博物館,博物館内レストラン・カフェ,,,,,,,現行店舗。一般来館者が利用できるが、博物館敷地への当日入館料が必要。 平日通常は10:30〜17:00（フードLO 16:00、ドリンクLO 16:30）。金・土曜夜間開館日は20:00まで。,https://www.tnm.jp/,,公共施設内の食堂・レストラン,,東京国立博物館 THE RESTAURANT 東京国立博物館,https://www.tnm.jp/,THE RESTAURANT 東京国立博物館,東京都台東区上野公園13-9,1968,10:30,17:00,確認済み（一般利用可・当日入館料必要）,公共施設内の飲食空間
東京都,台東区,東京国立博物館｜上島珈琲店 黒田記念館店,博物館内レストラン・カフェ,,,,,,,黒田記念館別館。無料公開施設内で一般来館者が利用可能。 店舗公式案内の通常営業時間は7:30〜19:00。,https://www.tnm.jp/,,公共施設内の食堂・レストラン,,東京国立博物館 上島珈琲店 黒田記念館店,https://www.tnm.jp/,上島珈琲店 黒田記念館店,東京都台東区上野公園13-9,1928,07:30,19:00,確認済み（一般利用可）,公共施設内の飲食空間
東京都,台東区,国立科学博物館｜ムーセイオン,科学博物館内レストラン・カフェ,,,,,,,国立科学博物館内。入館者が利用。 地球館中2階。ラストオーダーは閉店30分前。,https://www.kahaku.go.jp/,,公共施設内の食堂・レストラン,,国立科学博物館 ムーセイオン,https://www.kahaku.go.jp/,ムーセイオン,東京都台東区上野公園7-20,1999,10:30,17:00,確認済み（一般利用可・入館料必要）,公共施設内の飲食空間
東京都,台東区,国立科学博物館｜M2カフェ,科学博物館内レストラン・カフェ,,,,,,,国立科学博物館内。入館者が利用。,https://www.kahaku.go.jp/,,公共施設内の食堂・レストラン,,国立科学博物館 M2カフェ,https://www.kahaku.go.jp/,M2カフェ,東京都台東区上野公園7-20,,,,確認済み（一般利用可・入館料必要）,公共施設内の飲食空間
東京都,台東区,国立西洋美術館｜カフェ すいれん,美術館内カフェ,,,,,,,観覧券なしで利用可能。,https://www.nmwa.go.jp/,,公共施設内の食堂・レストラン,,国立西洋美術館 カフェ すいれん,https://www.nmwa.go.jp/,カフェ すいれん,東京都台東区上野公園7-7,1959,10:00,17:30,確認済み（一般利用可）,公共施設内の飲食空間
東京都,港区,国立新美術館｜ブラッスリー ポール・ボキューズ ミュゼ,美術館内レストラン・カフェ,,,,,,,展覧会を見ない方も利用可能。,https://www.nact.jp/,,公共施設内の食堂・レストラン,,国立新美術館 ブラッスリー ポール・ボキューズ ミュゼ,https://www.nact.jp/,ブラッスリー ポール・ボキューズ ミュゼ,東京都港区六本木7-22-2,2007,11:00,21:00,確認済み（一般利用可）,公共施設内の飲食空間
東京都,港区,国立新美術館｜サロン・ド・テ ロンド,美術館内レストラン・カフェ,,,,,,,展覧会を見ない方も利用可能。,https://www.nact.jp/,,公共施設内の食堂・レストラン,,国立新美術館 サロン・ド・テ ロンド,https://www.nact.jp/,サロン・ド・テ ロンド,東京都港区六本木7-22-2,2007,11:00,18:00,確認済み（一般利用可）,公共施設内の飲食空間
東京都,港区,国立新美術館｜カフェ コキーユ,美術館内レストラン・カフェ,,,,,,,展覧会を見ない方も利用可能。,https://www.nact.jp/,,公共施設内の食堂・レストラン,,国立新美術館 カフェ コキーユ,https://www.nact.jp/,カフェ コキーユ,東京都港区六本木7-22-2,2007,10:00,18:00,確認済み（一般利用可）,公共施設内の飲食空間
東京都,目黒区,東京都写真美術館｜フロムトップ,美術館内カフェ,,,,,,,カフェのみの利用も可能。木・金曜は20時まで。,https://topmuseum.jp/cafe/,,公共施設内の食堂・レストラン,,東京都写真美術館 フロムトップ,https://topmuseum.jp/cafe/,フロムトップ,東京都目黒区三田1-13-3,1995,10:00,18:00,確認済み（一般利用可）,公共施設内の飲食空間
東京都,港区,東京都庭園美術館｜café TEIEN,美術館内カフェ,,,,,,,庭園または展覧会チケットが必要。,https://www.teien-art-museum.ne.jp/,,公共施設内の食堂・レストラン,,東京都庭園美術館 café TEIEN,https://www.teien-art-museum.ne.jp/,café TEIEN,東京都港区白金台5-21-9,1933,10:00,18:00,確認済み（一般利用可・庭園または展覧会チケット必要）,公共施設内の飲食空間
東京都,江東区,東京都現代美術館｜100本のスプーン 東京都現代美術館店,美術館内レストラン・カフェ,,,,,,,東京都現代美術館内の100本のスプーン 東京都現代美術館店。一般来館者が利用できることを確認。 営業時間11:00〜18:00（ラストオーダー17:00）。,https://www.mot-art-museum.jp/,,公共施設内の食堂・レストラン,,東京都現代美術館 100本のスプーン 東京都現代美術館店,https://www.mot-art-museum.jp/,100本のスプーン 東京都現代美術館店,東京都江東区三好4-1-1,1995,11:00,18:00,確認済み（一般利用可）,公共施設内の飲食空間
東京都,江東区,東京都現代美術館｜二階のサンドイッチ,美術館内レストラン・カフェ,,,,,,,東京都現代美術館内の二階のサンドイッチ。一般来館者が利用できることを確認。 営業時間11:00〜18:00（ラストオーダー17:00）。,https://www.mot-art-museum.jp/,,公共施設内の食堂・レストラン,,東京都現代美術館 二階のサンドイッチ,https://www.mot-art-museum.jp/,二階のサンドイッチ,東京都江東区三好4-1-1,1995,11:00,18:00,確認済み（一般利用可）,公共施設内の飲食空間
東京都,墨田区,江戸東京博物館｜和ダイニング こよみ,博物館内レストラン・カフェ,,,,,,,江戸東京博物館内の和ダイニング こよみ。一般来館者が利用できることを確認。,https://www.edo-tokyo-museum.or.jp/information/shop/,,公共施設内の食堂・レストラン,,江戸東京博物館 和ダイニング こよみ,https://www.edo-tokyo-museum.or.jp/information/shop/,和ダイニング こよみ,東京都墨田区横網1-4-1,1993,11:00,20:00,確認済み（一般利用可）,公共施設内の飲食空間
東京都,墨田区,江戸東京博物館｜ippuku cafe,博物館内レストラン・カフェ,,,,,,,江戸東京博物館内のippuku cafe。一般来館者が利用できることを確認。,https://www.edo-tokyo-museum.or.jp/information/shop/,,公共施設内の食堂・レストラン,,江戸東京博物館 ippuku cafe,https://www.edo-tokyo-museum.or.jp/information/shop/,ippuku cafe,東京都墨田区横網1-4-1,1993,10:00,17:30,確認済み（一般利用可）,公共施設内の飲食空間
東京都,豊島区,東京芸術劇場｜Café des Arts,劇場内カフェ,,,,,,,東京芸術劇場内のCafé des Arts。一般来館者が利用できることを確認。,https://www.geigeki.jp/facilities/shop/,,公共施設内の食堂・レストラン,,東京芸術劇場 Café des Arts,https://www.geigeki.jp/facilities/shop/,Café des Arts,東京都豊島区西池袋1-8-1,1990,11:00,19:00,確認済み（一般利用可）,公共施設内の飲食空間
東京都,府中市,府中市美術館｜府中乃森珈琲店,美術館内カフェ,,,,,,,府中市美術館内の府中乃森珈琲店。一般来館者が利用できることを確認。,https://www.city.fuchu.tokyo.jp/art/goriyou/cafe.html,,公共施設内の食堂・レストラン,,府中市美術館 府中乃森珈琲店,https://www.city.fuchu.tokyo.jp/art/goriyou/cafe.html,府中乃森珈琲店,東京都府中市浅間町1-3,2000,10:00,17:00,確認済み（一般利用可）,公共施設内の飲食空間
東京都,千代田区,日比谷図書文化館｜ライブラリーショップ＆カフェ日比谷,図書館内カフェ,,,,,,,日比谷図書文化館内のライブラリーショップ＆カフェ日比谷。一般来館者が利用できることを確認。,https://www.library.chiyoda.tokyo.jp/hibiya/about/guide/shop/,,公共施設内の食堂・レストラン,,日比谷図書文化館 ライブラリーショップ＆カフェ日比谷,https://www.library.chiyoda.tokyo.jp/hibiya/about/guide/shop/,ライブラリーショップ＆カフェ日比谷,東京都千代田区日比谷公園1-4,2011,10:00,19:00,確認済み（一般利用可）,公共施設内の飲食空間
東京都,千代田区,日比谷図書文化館｜ライブラリーダイニング日比谷,図書館内レストラン,,,,,,,日比谷図書文化館内のライブラリーダイニング日比谷。一般来館者が利用できることを確認。,https://www.library.chiyoda.tokyo.jp/hibiya/about/guide/shop/,,公共施設内の食堂・レストラン,,日比谷図書文化館 ライブラリーダイニング日比谷,https://www.library.chiyoda.tokyo.jp/hibiya/about/guide/shop/,ライブラリーダイニング日比谷,東京都千代田区日比谷公園1-4,2011,11:00,21:30,確認済み（一般利用可）,公共施設内の飲食空間
東京都,港区,東京都立中央図書館｜有栖川食堂,図書館内食堂,,,,,,,東京都立中央図書館内の有栖川食堂。一般来館者が利用できることを確認。 平日・祝日（休館日除く）11:00〜15:00。定食提供は14:00まで。,https://www.library.metro.tokyo.lg.jp/,,公共施設内の食堂・レストラン,,東京都立中央図書館 有栖川食堂,https://www.library.metro.tokyo.lg.jp/,有栖川食堂,東京都港区南麻布5-7-13,1973,11:00,15:00,確認済み（一般利用可）,公共施設内の飲食空間
東京都,港区,東京都立中央図書館｜有栖川珈琲,図書館内カフェ,,,,,,,東京都立中央図書館内の有栖川珈琲。一般来館者が利用できることを確認。 平日（休館日除く）15:00〜17:00。,https://www.library.metro.tokyo.lg.jp/,,公共施設内の食堂・レストラン,,東京都立中央図書館 有栖川珈琲,https://www.library.metro.tokyo.lg.jp/,有栖川珈琲,東京都港区南麻布5-7-13,1973,15:00,17:00,確認済み（一般利用可）,公共施設内の飲食空間
東京都,国分寺市,東京都立多摩図書館｜館内カフェ,図書館内カフェ,,,,,,,東京都立多摩図書館内の館内カフェ。一般来館者が利用できることを確認。,https://www.library.metro.tokyo.lg.jp/,,公共施設内の食堂・レストラン,,東京都立多摩図書館 館内カフェ,https://www.library.metro.tokyo.lg.jp/,館内カフェ,東京都国分寺市泉町2-2-26,2017,10:00,17:00,確認済み（一般利用可）,公共施設内の飲食空間
東京都,千代田区,国立国会図書館 東京本館｜本館6階食堂,図書館内食堂,,,,,,,利用者登録等の入館手続きは必要だが、一般の利用者が利用可能。,https://www.ndl.go.jp/help/facilities/,,公共施設内の食堂・レストラン,,国立国会図書館 東京本館 本館6階食堂,https://www.ndl.go.jp/help/facilities/,本館6階食堂,東京都千代田区永田町1-10-1,1961,11:00,18:30,確認済み（一般利用可）,公共施設内の飲食空間
東京都,千代田区,国立国会図書館 東京本館｜本館3階喫茶室,図書館内喫茶,,,,,,,利用者登録等の入館手続きは必要だが、一般の利用者が利用可能。,https://www.ndl.go.jp/help/facilities/,,公共施設内の食堂・レストラン,,国立国会図書館 東京本館 本館3階喫茶室,https://www.ndl.go.jp/help/facilities/,本館3階喫茶室,東京都千代田区永田町1-10-1,1961,11:00,17:30,確認済み（一般利用可）,公共施設内の飲食空間
東京都,千代田区,国立国会図書館 東京本館｜新館1階喫茶室,図書館内喫茶,,,,,,,利用者登録等の入館手続きは必要だが、一般の利用者が利用可能。,https://www.ndl.go.jp/help/facilities/,,公共施設内の食堂・レストラン,,国立国会図書館 東京本館 新館1階喫茶室,https://www.ndl.go.jp/help/facilities/,新館1階喫茶室,東京都千代田区永田町1-10-1,1961,11:00,15:30,確認済み（一般利用可）,公共施設内の飲食空間
東京都,新宿区,東京都庁｜第一本庁舎32階 職員食堂,庁舎内食堂・カフェ,,,,,,,都庁公式案内で職員以外も利用可能。入庁手続きが必要。,https://www.tokyo-jinzai.or.jp/dining/,,公共施設内の食堂・レストラン,,東京都庁 第一本庁舎32階 職員食堂,https://www.tokyo-jinzai.or.jp/dining/,第一本庁舎32階 職員食堂,東京都新宿区西新宿2-8-1,1991,11:00,14:00,確認済み（一般利用可）,公共施設内の飲食空間
東京都,新宿区,東京都庁｜第二本庁舎4階 職員食堂,庁舎内食堂・カフェ,,,,,,,都庁公式案内で職員以外も利用可能。入庁手続きが必要。,https://www.tokyo-jinzai.or.jp/dining/,,公共施設内の食堂・レストラン,,東京都庁 第二本庁舎4階 職員食堂,https://www.tokyo-jinzai.or.jp/dining/,第二本庁舎4階 職員食堂,東京都新宿区西新宿2-8-1,1991,11:00,14:00,確認済み（一般利用可）,公共施設内の飲食空間
東京都,新宿区,東京都庁｜第一本庁舎32階 カフェ,庁舎内食堂・カフェ,,,,,,,都庁公式案内で職員以外も利用可能。入庁手続きが必要。,https://www.tokyo-jinzai.or.jp/dining/,,公共施設内の食堂・レストラン,,東京都庁 第一本庁舎32階 カフェ,https://www.tokyo-jinzai.or.jp/dining/,第一本庁舎32階 カフェ,東京都新宿区西新宿2-8-1,1991,08:00,17:00,確認済み（一般利用可）,公共施設内の飲食空間
東京都,新宿区,東京都庁｜第二本庁舎4階 カフェ,庁舎内食堂・カフェ,,,,,,,都庁公式案内で職員以外も利用可能。入庁手続きが必要。,https://www.tokyo-jinzai.or.jp/dining/,,公共施設内の食堂・レストラン,,東京都庁 第二本庁舎4階 カフェ,https://www.tokyo-jinzai.or.jp/dining/,第二本庁舎4階 カフェ,東京都新宿区西新宿2-8-1,1991,08:00,16:00,確認済み（一般利用可）,公共施設内の飲食空間
東京都,江東区,豊洲市場｜大和寿司,卸売市場内飲食店,,,,,,,一般来場者が見学者通路と飲食店舗を利用可能。,https://toyosu.tsukijigourmet.or.jp/,,公共施設内の食堂・レストラン,,豊洲市場 大和寿司,https://toyosu.tsukijigourmet.or.jp/,大和寿司,東京都江東区豊洲6-6-1,2018,05:30,13:00,確認済み（一般利用可）,公共施設内の飲食空間
東京都,江東区,豊洲市場｜鮨文,卸売市場内飲食店,,,,,,,一般来場者が見学者通路と飲食店舗を利用可能。,https://toyosu.tsukijigourmet.or.jp/,,公共施設内の食堂・レストラン,,豊洲市場 鮨文,https://toyosu.tsukijigourmet.or.jp/,鮨文,東京都江東区豊洲6-6-1,2018,06:30,14:00,確認済み（一般利用可）,公共施設内の飲食空間
東京都,江東区,豊洲市場｜岩佐寿し,卸売市場内飲食店,,,,,,,一般来場者が見学者通路と飲食店舗を利用可能。,https://toyosu.tsukijigourmet.or.jp/,,公共施設内の食堂・レストラン,,豊洲市場 岩佐寿し,https://toyosu.tsukijigourmet.or.jp/,岩佐寿し,東京都江東区豊洲6-6-1,2018,06:00,15:00,確認済み（一般利用可）,公共施設内の飲食空間
東京都,江東区,豊洲市場｜晶,卸売市場内飲食店,,,,,,,一般来場者が見学者通路と飲食店舗を利用可能。,https://toyosu.tsukijigourmet.or.jp/,,公共施設内の食堂・レストラン,,豊洲市場 晶,https://toyosu.tsukijigourmet.or.jp/,晶,東京都江東区豊洲6-6-1,2018,07:00,14:30,確認済み（一般利用可）,公共施設内の飲食空間
東京都,江東区,豊洲市場｜寿司大,卸売市場内飲食店,,,,,,,一般来場者が見学者通路と飲食店舗を利用可能。,https://toyosu.tsukijigourmet.or.jp/,,公共施設内の食堂・レストラン,,豊洲市場 寿司大,https://toyosu.tsukijigourmet.or.jp/,寿司大,東京都江東区豊洲6-6-1,2018,05:30,14:00,確認済み（一般利用可）,公共施設内の飲食空間
東京都,江東区,豊洲市場｜磯野家（磯寿司）,卸売市場内飲食店,,,,,,,一般来場者が見学者通路と飲食店舗を利用可能。,https://toyosu.tsukijigourmet.or.jp/,,公共施設内の食堂・レストラン,,豊洲市場 磯野家（磯寿司）,https://toyosu.tsukijigourmet.or.jp/,磯野家（磯寿司）,東京都江東区豊洲6-6-1,2018,07:00,15:00,確認済み（一般利用可）,公共施設内の飲食空間
東京都,江東区,豊洲市場｜寿し処 勢,卸売市場内飲食店,,,,,,,一般来場者が見学者通路と飲食店舗を利用可能。,https://toyosu.tsukijigourmet.or.jp/,,公共施設内の食堂・レストラン,,豊洲市場 寿し処 勢,https://toyosu.tsukijigourmet.or.jp/,寿し処 勢,東京都江東区豊洲6-6-1,2018,06:00,14:30,確認済み（一般利用可）,公共施設内の飲食空間
東京都,江東区,豊洲市場｜つきぢ神楽寿司 魚河岸店,卸売市場内飲食店,,,,,,,一般来場者が見学者通路と飲食店舗を利用可能。,https://toyosu.tsukijigourmet.or.jp/,,公共施設内の食堂・レストラン,,豊洲市場 つきぢ神楽寿司 魚河岸店,https://toyosu.tsukijigourmet.or.jp/,つきぢ神楽寿司 魚河岸店,東京都江東区豊洲6-6-1,2018,08:00,16:00,確認済み（一般利用可）,公共施設内の飲食空間
東京都,江東区,豊洲市場｜龍寿司,卸売市場内飲食店,,,,,,,一般来場者が見学者通路と飲食店舗を利用可能。,https://toyosu.tsukijigourmet.or.jp/,,公共施設内の食堂・レストラン,,豊洲市場 龍寿司,https://toyosu.tsukijigourmet.or.jp/,龍寿司,東京都江東区豊洲6-6-1,2018,06:30,14:00,確認済み（一般利用可）,公共施設内の飲食空間
東京都,江東区,豊洲市場｜すし処 おかめ,卸売市場内飲食店,,,,,,,一般来場者が見学者通路と飲食店舗を利用可能。,https://toyosu.tsukijigourmet.or.jp/,,公共施設内の食堂・レストラン,,豊洲市場 すし処 おかめ,https://toyosu.tsukijigourmet.or.jp/,すし処 おかめ,東京都江東区豊洲6-6-1,2018,06:00,14:00,確認済み（一般利用可）,公共施設内の飲食空間
東京都,江東区,豊洲市場｜市場鮨,卸売市場内飲食店,,,,,,,一般来場者が見学者通路と飲食店舗を利用可能。,https://toyosu.tsukijigourmet.or.jp/,,公共施設内の食堂・レストラン,,豊洲市場 市場鮨,https://toyosu.tsukijigourmet.or.jp/,市場鮨,東京都江東区豊洲6-6-1,2018,06:00,15:00,確認済み（一般利用可）,公共施設内の飲食空間
東京都,江東区,豊洲市場｜寿司処 やまざき,卸売市場内飲食店,,,,,,,一般来場者が見学者通路と飲食店舗を利用可能。,https://toyosu.tsukijigourmet.or.jp/,,公共施設内の食堂・レストラン,,豊洲市場 寿司処 やまざき,https://toyosu.tsukijigourmet.or.jp/,寿司処 やまざき,東京都江東区豊洲6-6-1,2018,05:30,14:00,確認済み（一般利用可）,公共施設内の飲食空間
東京都,江東区,豊洲市場｜茂助だんご,卸売市場内飲食店,,,,,,,一般来場者が見学者通路と飲食店舗を利用可能。,https://toyosu.tsukijigourmet.or.jp/,,公共施設内の食堂・レストラン,,豊洲市場 茂助だんご,https://toyosu.tsukijigourmet.or.jp/,茂助だんご,東京都江東区豊洲6-6-1,2018,05:00,15:00,確認済み（一般利用可）,公共施設内の飲食空間
東京都,江東区,豊洲市場｜天ぷら愛養,卸売市場内飲食店,,,,,,,一般来場者が見学者通路と飲食店舗を利用可能。,https://toyosu.tsukijigourmet.or.jp/,,公共施設内の食堂・レストラン,,豊洲市場 天ぷら愛養,https://toyosu.tsukijigourmet.or.jp/,天ぷら愛養,東京都江東区豊洲6-6-1,2018,06:00,15:00,確認済み（一般利用可）,公共施設内の飲食空間
東京都,江東区,豊洲市場｜やじ満,卸売市場内飲食店,,,,,,,一般来場者が見学者通路と飲食店舗を利用可能。,https://toyosu.tsukijigourmet.or.jp/,,公共施設内の食堂・レストラン,,豊洲市場 やじ満,https://toyosu.tsukijigourmet.or.jp/,やじ満,東京都江東区豊洲6-6-1,2018,05:00,13:00,確認済み（一般利用可）,公共施設内の飲食空間
東京都,江東区,豊洲市場｜木村家,卸売市場内飲食店,,,,,,,一般来場者が見学者通路と飲食店舗を利用可能。,https://toyosu.tsukijigourmet.or.jp/,,公共施設内の食堂・レストラン,,豊洲市場 木村家,https://toyosu.tsukijigourmet.or.jp/,木村家,東京都江東区豊洲6-6-1,2018,05:30,14:30,確認済み（一般利用可）,公共施設内の飲食空間
東京都,江東区,豊洲市場｜八千代,卸売市場内飲食店,,,,,,,一般来場者が見学者通路と飲食店舗を利用可能。,https://toyosu.tsukijigourmet.or.jp/,,公共施設内の食堂・レストラン,,豊洲市場 八千代,https://toyosu.tsukijigourmet.or.jp/,八千代,東京都江東区豊洲6-6-1,2018,07:00,14:00,確認済み（一般利用可）,公共施設内の飲食空間
東京都,江東区,豊洲市場｜トミーナ,卸売市場内飲食店,,,,,,,一般来場者が見学者通路と飲食店舗を利用可能。,https://toyosu.tsukijigourmet.or.jp/,,公共施設内の食堂・レストラン,,豊洲市場 トミーナ,https://toyosu.tsukijigourmet.or.jp/,トミーナ,東京都江東区豊洲6-6-1,2018,09:00,14:00,確認済み（一般利用可）,公共施設内の飲食空間
東京都,江東区,豊洲市場｜丼匠,卸売市場内飲食店,,,,,,,一般来場者が見学者通路と飲食店舗を利用可能。,https://toyosu.tsukijigourmet.or.jp/,,公共施設内の食堂・レストラン,,豊洲市場 丼匠,https://toyosu.tsukijigourmet.or.jp/,丼匠,東京都江東区豊洲6-6-1,2018,06:30,15:00,確認済み（一般利用可）,公共施設内の飲食空間
東京都,江東区,豊洲市場｜鳥藤 魚河岸食堂店,卸売市場内飲食店,,,,,,,一般来場者が見学者通路と飲食店舗を利用可能。,https://toyosu.tsukijigourmet.or.jp/,,公共施設内の食堂・レストラン,,豊洲市場 鳥藤 魚河岸食堂店,https://toyosu.tsukijigourmet.or.jp/,鳥藤 魚河岸食堂店,東京都江東区豊洲6-6-1,2018,07:00,13:30,確認済み（一般利用可）,公共施設内の飲食空間
東京都,江東区,豊洲市場｜ふぢの,卸売市場内飲食店,,,,,,,一般来場者が見学者通路と飲食店舗を利用可能。,https://toyosu.tsukijigourmet.or.jp/,,公共施設内の食堂・レストラン,,豊洲市場 ふぢの,https://toyosu.tsukijigourmet.or.jp/,ふぢの,東京都江東区豊洲6-6-1,2018,05:00,13:30,確認済み（一般利用可）,公共施設内の飲食空間
東京都,江東区,豊洲市場｜印度カレー 中栄,卸売市場内飲食店,,,,,,,一般来場者が見学者通路と飲食店舗を利用可能。,https://toyosu.tsukijigourmet.or.jp/,,公共施設内の食堂・レストラン,,豊洲市場 印度カレー 中栄,https://toyosu.tsukijigourmet.or.jp/,印度カレー 中栄,東京都江東区豊洲6-6-1,2018,05:00,14:00,確認済み（一般利用可）,公共施設内の飲食空間
東京都,江東区,豊洲市場｜うなぎ 米花,卸売市場内飲食店,,,,,,,一般来場者が見学者通路と飲食店舗を利用可能。,https://toyosu.tsukijigourmet.or.jp/,,公共施設内の食堂・レストラン,,豊洲市場 うなぎ 米花,https://toyosu.tsukijigourmet.or.jp/,うなぎ 米花,東京都江東区豊洲6-6-1,2018,06:00,13:00,確認済み（一般利用可）,公共施設内の飲食空間
東京都,江東区,豊洲市場｜魚がし料理 粋のや,卸売市場内飲食店,,,,,,,一般来場者が見学者通路と飲食店舗を利用可能。,https://toyosu.tsukijigourmet.or.jp/,,公共施設内の食堂・レストラン,,豊洲市場 魚がし料理 粋のや,https://toyosu.tsukijigourmet.or.jp/,魚がし料理 粋のや,東京都江東区豊洲6-6-1,2018,06:30,15:30,確認済み（一般利用可）,公共施設内の飲食空間
東京都,江東区,豊洲市場｜海鮮丼 大江戸,卸売市場内飲食店,,,,,,,一般来場者が見学者通路と飲食店舗を利用可能。,https://toyosu.tsukijigourmet.or.jp/,,公共施設内の食堂・レストラン,,豊洲市場 海鮮丼 大江戸,https://toyosu.tsukijigourmet.or.jp/,海鮮丼 大江戸,東京都江東区豊洲6-6-1,2018,06:30,15:30,確認済み（一般利用可）,公共施設内の飲食空間
東京都,大田区,大田市場｜三洋食堂,卸売市場内食堂,,,,,,,大田市場内の三洋食堂。一般来館者が利用できることを確認。,https://www.otashijo-kanren.jp/,,公共施設内の食堂・レストラン,,大田市場 三洋食堂,https://www.otashijo-kanren.jp/,三洋食堂,東京都大田区東海3-2-7,1989,05:00,14:00,確認済み（一般利用可）,公共施設内の飲食空間
東京都,大田区,大田市場｜味の店 双葉,卸売市場内食堂,,,,,,,大田市場内の味の店 双葉。一般来館者が利用できることを確認。,https://www.otashijo-kanren.jp/,,公共施設内の食堂・レストラン,,大田市場 味の店 双葉,https://www.otashijo-kanren.jp/,味の店 双葉,東京都大田区東海3-2-7,1989,05:30,14:30,確認済み（一般利用可）,公共施設内の飲食空間
東京都,大田区,大田市場｜大田市場 関連棟食堂,卸売市場内食堂,,,,,,,大田市場内の大田市場 関連棟食堂。一般来館者が利用できることを確認。,https://www.otashijo-kanren.jp/,,公共施設内の食堂・レストラン,,大田市場 大田市場 関連棟食堂,https://www.otashijo-kanren.jp/,大田市場 関連棟食堂,東京都大田区東海3-2-7,1989,,,確認済み（一般利用可）,公共施設内の飲食空間
東京都,大田区,大田市場｜大田市場 コーヒーショップ,卸売市場内カフェ,,,,,,,大田市場内の大田市場 コーヒーショップ。一般来館者が利用できることを確認。,https://www.otashijo-kanren.jp/,,公共施設内の食堂・レストラン,,大田市場 大田市場 コーヒーショップ,https://www.otashijo-kanren.jp/,大田市場 コーヒーショップ,東京都大田区東海3-2-7,1989,,,確認済み（一般利用可）,公共施設内の飲食空間
東京都,足立区,足立市場｜市場食堂,卸売市場内食堂,,,,,,,市場食堂は一般客も利用可能。,https://www.shijou.metro.tokyo.lg.jp/info/6,,公共施設内の食堂・レストラン,,足立市場 市場食堂,https://www.shijou.metro.tokyo.lg.jp/info/6,市場食堂,東京都足立区千住橋戸町50,,,,確認済み（一般利用可）,公共施設内の飲食空間
東京都,足立区,足立市場｜食堂棟内海鮮食堂,卸売市場内食堂,,,,,,,市場食堂は一般客も利用可能。,https://www.shijou.metro.tokyo.lg.jp/info/6,,公共施設内の食堂・レストラン,,足立市場 食堂棟内海鮮食堂,https://www.shijou.metro.tokyo.lg.jp/info/6,食堂棟内海鮮食堂,東京都足立区千住橋戸町50,,,,確認済み（一般利用可）,公共施設内の飲食空間
東京都,港区,港区役所｜レストラン・ポート,区役所内職員食堂,,,,,,,区公式案内で一般利用可能。,https://www.city.minato.tokyo.jp/shokuinshien/menu.html,,公共施設内の食堂・レストラン,,港区役所 レストラン・ポート,https://www.city.minato.tokyo.jp/shokuinshien/menu.html,レストラン・ポート,東京都港区芝公園1-5-25,2006,11:00,14:00,確認済み（一般利用可）,公共施設内の飲食空間
東京都,渋谷区,渋谷区役所｜渋谷ハチ公そば,区役所内飲食店,,,,,,,区役所1階フリースペース内。区公式案内で一般利用可能。,https://www.city.shibuya.tokyo.jp/shisetsu/kuyakusho/kuyakusho/freespace.html,,公共施設内の食堂・レストラン,,渋谷区役所 渋谷ハチ公そば,https://www.city.shibuya.tokyo.jp/shisetsu/kuyakusho/kuyakusho/freespace.html,渋谷ハチ公そば,東京都渋谷区宇田川町1-1,2019,11:00,14:30,確認済み（一般利用可）,公共施設内の飲食空間
東京都,渋谷区,東京体育館｜Arabian Restaurant & Cafe Bar Oasis,体育施設内レストラン,,,,,,,公式案内で店舗名・営業時間・来店案内を確認。金・土・祝前日は23時まで。,https://www.tef.or.jp/tmg/,,公共施設内の食堂・レストラン,,東京体育館 Arabian Restaurant & Cafe Bar Oasis,https://www.tef.or.jp/tmg/,Arabian Restaurant & Cafe Bar Oasis,東京都渋谷区千駄ヶ谷1-17-1,1990,11:00,22:00,確認済み（一般利用可）,公共施設内の飲食空間
東京都,渋谷区,国立能楽堂｜お食事処 ひまわり,国立劇場内レストラン,,,,,,,国立能楽堂内のレストラン。公演のない日はランチ営業、公演日は開場前から営業。,https://www.ntj.jac.go.jp/nou/facilities/shop/,,公共施設内の食堂・レストラン,,国立能楽堂 お食事処 ひまわり,https://www.ntj.jac.go.jp/nou/facilities/shop/,お食事処 ひまわり,東京都渋谷区千駄ヶ谷4-18-1,1983,,,確認済み（一般利用可）,能楽堂の庭を望む館内食事処
東京都,渋谷区,新国立劇場｜レストラン マエストロ,劇場内レストラン,,,,,,,新国立劇場オペラパレス内のイタリア料理レストラン。プレ・アフターシアターメニューを提供。,https://www.nntt.jac.go.jp/guide/dining-shop/,,公共施設内の食堂・レストラン,,新国立劇場 マエストロ,https://www.nntt.jac.go.jp/guide/dining-shop/,マエストロ,東京都渋谷区本町1-1-1,1997,,,確認済み（一般利用可）,劇場公演と一体になったレストラン
東京都,渋谷区,新国立劇場｜小劇場カフェ,劇場内カフェ,,,,,,,新国立劇場小劇場内のカフェ。主催公演の開演前と休憩中に軽食・飲み物を提供し、観劇予定がない人も営業時間内に利用可能。,https://www.nntt.jac.go.jp/guide/dining-shop/,,公共施設内の食堂・レストラン,,新国立劇場 小劇場カフェ,https://www.nntt.jac.go.jp/guide/dining-shop/,小劇場カフェ,東京都渋谷区本町1-1-1,1997,,,確認済み（一般利用可）,劇場内の公演関連カフェ
東京都,杉並区,杉並公会堂｜Espresso Americano,公会堂内カフェ,,,,,,,杉並公会堂1階のカフェ。公演来場者向け割引があり、カフェのみの一般利用も可能。,https://www.suginamikoukaidou.com/about/cafe/,,公共施設内の食堂・レストラン,,杉並公会堂 Espresso Americano,https://www.suginamikoukaidou.com/about/cafe/,Espresso Americano,東京都杉並区上荻1-23-15,2006,11:00,20:00,確認済み（一般利用可）,公会堂のラウンジに設置されたカフェ
東京都,杉並区,杉並芸術会館（座・高円寺）｜まぁるいカフェ,公共劇場内カフェ,,,,,,,座・高円寺2階のカフェ。劇場利用者に限らず一般来館者が利用でき、2026年4月にリニューアル。,https://za-koenji.jp/uncategorized/1175/,,公共施設内の食堂・レストラン,,杉並芸術会館（座・高円寺） まぁるいカフェ,https://za-koenji.jp/uncategorized/1175/,まぁるいカフェ,東京都杉並区高円寺北2-1-2,2009,11:30,19:00,確認済み（一般利用可）,公共劇場の交流・飲食スペース
東京都,練馬区,練馬区役所｜職員レストラン Ra dish,庁舎内職員レストラン,,,,,,,練馬区役所西庁舎地下1階。区職員以外の一般客も利用可能。モーニングとランチを営業。,https://www.city.nerima.tokyo.jp/shisetsu/ku/ku/resutoran.html,,公共施設内の食堂・レストラン,,練馬区役所 Ra dish,https://www.city.nerima.tokyo.jp/shisetsu/ku/ku/resutoran.html,Ra dish,東京都練馬区豊玉北6-12-1,1984,08:00,14:30,確認済み（一般利用可）,庁舎内の一般利用可能な職員レストラン
東京都,練馬区,練馬区役所｜展望レストラン,庁舎内展望レストラン,,,,,,,練馬区役所本庁舎20階の展望レストラン。入場無料の展望ロビーと一体で一般利用できる。,https://www.city.nerima.tokyo.jp/shisetsu/ku/ku/tenbo.html,,公共施設内の食堂・レストラン,,練馬区役所 練馬展望レストラン,https://www.city.nerima.tokyo.jp/shisetsu/ku/ku/tenbo.html,練馬展望レストラン,東京都練馬区豊玉北6-12-1,1993,11:30,21:00,確認済み（一般利用可）,区役所最上階の展望と食事
東京都,練馬区,練馬区役所｜喫茶コーナー,庁舎内喫茶,,,,,,,練馬区役所西庁舎1階の喫茶コーナー。区役所来庁者が利用できる。,https://www.city.nerima.tokyo.jp/shisetsu/ku/ku/tenbo.html,,公共施設内の食堂・レストラン,,練馬区役所 喫茶コーナー,https://www.city.nerima.tokyo.jp/shisetsu/ku/ku/tenbo.html,喫茶コーナー,東京都練馬区豊玉北6-12-1,1984,10:30,16:00,確認済み（一般利用可）,庁舎内の来庁者向け喫茶
東京都,台東区,台東区役所｜チカショク さくら,庁舎内職員食堂,,,,,,,台東区役所地下1階の職員食堂。区公式事業や現行営業情報があり、一般利用可能。,https://www.city.taito.lg.jp/kusei/shokai/shimaitoshi/news/minamiaizu_sinnmai.html,,公共施設内の食堂・レストラン,,台東区役所 チカショク さくら,https://www.city.taito.lg.jp/kusei/shokai/shimaitoshi/news/minamiaizu_sinnmai.html,チカショク さくら,東京都台東区東上野4-5-6,1973,11:00,15:00,確認済み（一般利用可）,区役所地下の一般利用可能な食堂
東京都,新宿区,新宿区役所｜お食事処 けやき,庁舎内職員食堂,,,,,,,新宿区役所本庁舎地下1階の食堂。一般利用可能な平日ランチ営業。,https://www.city.shinjuku.lg.jp/content/000420713.pdf,,公共施設内の食堂・レストラン,,新宿区役所 お食事処 けやき,https://www.city.shinjuku.lg.jp/content/000420713.pdf,お食事処 けやき,東京都新宿区歌舞伎町1-4-1,1966,11:30,15:00,確認済み（一般利用可）,区役所地下の一般利用可能な食堂
東京都,世田谷区,世田谷美術館｜ル・ジャルダン,美術館内レストラン,,,,,,,世田谷美術館内のレストラン。展覧会を見ない人も利用でき、ランチ・ティー・予約制ディナーを営業。,https://www.setagayaartmuseum.or.jp/guide/restaurant/,,公共施設内の食堂・レストラン,,世田谷美術館 ル・ジャルダン,https://www.setagayaartmuseum.or.jp/guide/restaurant/,ル・ジャルダン,東京都世田谷区砧公園1-2,1986,11:00,22:00,確認済み（一般利用可）,美術館建築と砧公園を望むレストラン
東京都,世田谷区,世田谷美術館｜SeTaBi Café,美術館内カフェ,,,,,,,世田谷美術館地下中庭のカフェ。展覧会を見ない人も利用でき、公園側からも利用できる。,https://www.setagayaartmuseum.or.jp/guide/restaurant/,,公共施設内の食堂・レストラン,,世田谷美術館 SeTaBi Café,https://www.setagayaartmuseum.or.jp/guide/restaurant/,SeTaBi Café,東京都世田谷区砧公園1-2,1986,10:00,18:00,確認済み（一般利用可）,美術館地下中庭のカフェ
東京都,港区,東京都庭園美術館｜レストラン デュ パルク,美術館付属レストラン,,,,,,,東京都庭園美術館正門横のレストラン。ランチ・カフェ・ディナーを営業し、レストランのみの利用も案内されている。,https://www.teien-art-museum.ne.jp/visit/,,公共施設内の食堂・レストラン,,東京都庭園美術館 レストラン デュ パルク,https://www.teien-art-museum.ne.jp/visit/,レストラン デュ パルク,東京都港区白金台5-21-9,2018,11:00,21:00,確認済み（一般利用可）,美術館と庭園に付属するレストラン
東京都,江東区,夢の島熱帯植物館｜夢の島カフェ,植物館内カフェ,,,,,,,夢の島熱帯植物館の大温室に隣接するカフェ。現行案内では土日祝日に営業。,https://www.yumenoshima.jp/botanicalhall/cafe,,公共施設内の食堂・レストラン,,夢の島熱帯植物館 夢の島カフェ,https://www.yumenoshima.jp/botanicalhall/cafe,夢の島カフェ,東京都江東区夢の島2-1-2,,11:00,16:00,確認済み（一般利用可）,熱帯植物館内のボタニカルカフェ。土日祝営業
東京都,新宿区,JICA地球ひろば｜J’s Cafe,国際協力施設内食堂,,,,,,,JICA市ヶ谷ビル内の食堂。施設イベントと連動した各国料理・大使館お墨付きメニューを提供。,https://www.jica.go.jp/domestic/hiroba/about/cafe/index.html,,公共施設内の食堂・レストラン,,JICA地球ひろば J’s Cafe,https://www.jica.go.jp/domestic/hiroba/about/cafe/index.html,J’s Cafe,東京都新宿区市谷本村町10-5,1987,11:30,14:00,確認済み（一般利用可）,国際協力・展示施設と一体の食堂
東京都,大田区,大田区青少年交流センター ゆいっつ｜レストランFOREST,青少年交流施設内レストラン,,,,,,,宿泊研修・スポーツ・地域交流施設ゆいっつ1階のレストラン。休憩スペースは誰でも利用できる。,https://yuits.jp/facilities.html,,公共施設内の食堂・レストラン,,大田区青少年交流センター ゆいっつ レストランFOREST,https://yuits.jp/facilities.html,レストランFOREST,東京都大田区平和島4-2-15,2019,11:00,15:00,確認済み（一般利用可）,青少年交流・研修施設内の軽食喫茶
東京都,板橋区,板橋市場｜みんなの食堂,市場内食堂,,,,,,,東京都中央卸売市場板橋市場の管理棟内食堂。2025年開業で一般利用可能と報じられている。,https://www.shijou.metro.tokyo.lg.jp/info/7,,公共施設内の食堂・レストラン,,板橋市場 みんなの食堂,https://www.shijou.metro.tokyo.lg.jp/info/7,みんなの食堂,東京都板橋区高島平6-1-5,1972,,,確認済み（一般利用可）,市場管理棟内の一般利用可能な食堂
東京都,足立区,足立市場｜武寿司,市場内食堂,,,,,,,足立市場公式の食堂一覧に掲載される寿司店。市場内の一般利用可能な食堂。,https://www.adachi-shijyo.or.jp/jigyosha-category/飲食店/,,公共施設内の食堂・レストラン,,足立市場 武寿司,https://www.adachi-shijyo.or.jp/jigyosha-category/飲食店/,武寿司,東京都足立区千住橋戸町50,,,,確認済み（一般利用可）,市場の寿司食堂
東京都,足立区,足立市場｜かどのめし屋,市場内食堂,,,,,,,足立市場公式の食堂一覧に掲載されるラーメン・定食・丼の店。一般客も利用可能。,https://www.adachi-shijyo.or.jp/jigyosha-category/飲食店/,,公共施設内の食堂・レストラン,,足立市場 かどのめし屋,https://www.adachi-shijyo.or.jp/jigyosha-category/飲食店/,かどのめし屋,東京都足立区千住橋戸町50,,07:00,13:00,確認済み（一般利用可）,市場の定食・丼食堂
東京都,足立区,足立市場｜しいはし食堂,市場内食堂,,,,,,,足立市場公式の食堂一覧に掲載される定食店。市場内部の一般利用可能な食堂。,https://www.adachi-shijyo.or.jp/jigyosha-category/飲食店/,,公共施設内の食堂・レストラン,,足立市場 しいはし食堂,https://www.adachi-shijyo.or.jp/jigyosha-category/飲食店/,しいはし食堂,東京都足立区千住橋戸町50,,,,確認済み（一般利用可）,市場の定食食堂
東京都,足立区,足立市場｜たけうち,市場内食堂,,,,,,,足立市場公式の食堂一覧に掲載されるそば・うどん店。市場内部の一般利用可能な食堂。,https://www.adachi-shijyo.or.jp/jigyosha-category/飲食店/,,公共施設内の食堂・レストラン,,足立市場 たけうち,https://www.adachi-shijyo.or.jp/jigyosha-category/飲食店/,たけうち,東京都足立区千住橋戸町50,,,,確認済み（一般利用可）,市場のそば・うどん店
東京都,足立区,足立市場｜とくだ屋,市場内食堂,,,,,,,足立市場公式の食堂一覧に掲載される丼物・定食店。市場内部の一般利用可能な食堂。,https://www.adachi-shijyo.or.jp/jigyosha-category/飲食店/,,公共施設内の食堂・レストラン,,足立市場 とくだ屋,https://www.adachi-shijyo.or.jp/jigyosha-category/飲食店/,とくだ屋,東京都足立区千住橋戸町50,,,,確認済み（一般利用可）,仲買人直営の市場食堂
東京都,足立区,足立区役所｜食堂 ソラノシタ,庁舎内展望レストラン,,,,,,,足立区役所南館14階の展望レストラン。区公式ページで一般来庁者・家族の利用を案内。,https://www.city.adachi.tokyo.jp/chosha/shisetsu/kuyakusho/001.html,,公共施設内の食堂・レストラン,,足立区役所 食堂 ソラノシタ,https://www.city.adachi.tokyo.jp/chosha/shisetsu/kuyakusho/001.html,食堂 ソラノシタ,東京都足立区中央本町1-17-1,1996,11:00,21:00,確認済み（一般利用可）,区役所最上階の展望レストラン
東京都,台東区,台東区民会館（都立産業貿易センター台東館）｜上野精養軒 浅草店,区民会館内レストラン,,,,,,,都立産業貿易センター台東館8階の台東区民会館内レストラン。施設公式案内で一般利用可能なレストランとして掲載。,https://www.sanbo.metro.tokyo.lg.jp/taito/outline/,,公共施設内の食堂・レストラン,,台東区民会館（都立産業貿易センター台東館） 上野精養軒 浅草店,https://www.sanbo.metro.tokyo.lg.jp/taito/outline/,上野精養軒 浅草店,東京都台東区花川戸2-6-5,1969,11:00,16:00,確認済み（一般利用可）,区民会館・産業施設内のレストラン
東京都,渋谷区,JICA東京センター｜Oasis,国際協力施設内食堂,,,,,,,JICA東京管理棟1階の食堂。地域住民・一般利用者にも広く利用できると公式案内。,https://www.jica.go.jp/domestic/tokyo/office/restaurant/,,公共施設内の食堂・レストラン,,JICA東京センター Oasis,https://www.jica.go.jp/domestic/tokyo/office/restaurant/,Oasis,東京都渋谷区西原2-49-5,1985,11:30,21:30,確認済み（一般利用可）,国際協力研修施設内の食堂
東京都,港区,国際文化会館｜レストランSAKURA,国際文化施設内レストラン,,,,,,,国際文化会館の庭園・会議・図書施設に付属するレストラン。一般利用可能な施設内レストランとして案内されている。,https://ihj.global/facilities/,,公共施設内の食堂・レストラン,,国際文化会館 レストランSAKURA,https://ihj.global/facilities/,レストランSAKURA,東京都港区六本木5-11-16,1955,11:30,21:00,確認済み（一般利用可）,国際交流・文化施設に付属するレストラン
東京都,港区,国際文化会館｜ティーラウンジ ザ・ガーデン,国際文化施設内ラウンジ,,,,,,,国際文化会館の庭園に面した館内ティーラウンジ。一般利用可能な施設付属飲食施設。,https://ihj.global/facilities/,,公共施設内の食堂・レストラン,,国際文化会館 ティーラウンジ ザ・ガーデン,https://ihj.global/facilities/,ティーラウンジ ザ・ガーデン,東京都港区六本木5-11-16,1955,07:00,22:00,確認済み（一般利用可）,国際文化施設の庭園付属ラウンジ
