参照,都道府県,市区町村,店舗名・施設名,分類,関連リンク1タイトル,関連リンク1URL,関連リンク2タイトル,関連リンク2URL,関連リンク3タイトル,関連リンク3URL,説明・狙い目
公式サイト：https://www.town.okushiri.lg.jp/hotnews/detail/00003668.html Googleマップ：https://www.google.com/maps/search/?api=1&query=%E5%8C%97%E6%B5%B7%E9%81%93%20%E5%A5%A5%E5%B0%BB%E7%94%BA%20%E5%A5%A5%E5%B0%BB%E5%B3%B6%E6%B4%A5%E6%B3%A2%E9%A4%A8,北海道,奥尻町,奥尻島津波館,津波・震災伝承館,,,,,,,地域に残された災害の記録を読み、避難と復興の教訓を学ぶ訪問先。 利用条件：季節開館。2026年は4月18日～10月31日。冬期休館。 公的主体：奥尻町
公式サイト：https://www.city.kushiro.lg.jp/kurashi/shoubou/1003672.html Googleマップ：https://www.google.com/maps/search/?api=1&query=%E5%8C%97%E6%B5%B7%E9%81%93%20%E9%87%A7%E8%B7%AF%E5%B8%82%20%E9%87%A7%E8%B7%AF%E5%B8%82%E6%B0%91%E9%98%B2%E7%81%BD%E3%82%BB%E3%83%B3%E3%82%BF%E3%83%BC,北海道,釧路市,釧路市民防災センター,防災体験施設,,,,,,,防災の展示・体験を通して災害時の行動を学ぶ。施設ごとの体験内容と展示の構成を見比べたい。 利用条件：9名以下も空き状況の事前問い合わせを推奨。10名以上は10日前まで申請。 公的主体：釧路市
公式サイト：https://www.city.ebetsu.hokkaido.jp/soshiki/chisui/337.html Googleマップ：https://www.google.com/maps/search/?api=1&query=%E5%8C%97%E6%B5%B7%E9%81%93%20%E6%B1%9F%E5%88%A5%E5%B8%82%20%E6%B1%9F%E5%88%A5%E6%B2%B3%E5%B7%9D%E9%98%B2%E7%81%BD%E3%82%B9%E3%83%86%E3%83%BC%E3%82%B7%E3%83%A7%E3%83%B3,北海道,江別市,江別河川防災ステーション,治水・防災学習施設,,,,,,,水防拠点の平常時公開展示を訪ね、河川防災の役割を知る。 利用条件：平常時は展示・休憩施設として一般利用可。団体見学は申請。 公的主体：江別市
公式サイト：https://www.sapporo-dpc.jp/ Googleマップ：https://www.google.com/maps/search/?api=1&query=%E5%8C%97%E6%B5%B7%E9%81%93%20%E6%9C%AD%E5%B9%8C%E5%B8%82%E7%99%BD%E7%9F%B3%E5%8C%BA%20%E6%9C%AD%E5%B9%8C%E5%B8%82%E6%B0%91%E9%98%B2%E7%81%BD%E3%82%BB%E3%83%B3%E3%82%BF%E3%83%BC,北海道,札幌市白石区,札幌市民防災センター,防災体験施設,,,,,,,防災の展示・体験を通して災害時の行動を学ぶ。施設ごとの体験内容と展示の構成を見比べたい。 利用条件：無料。10名以上は事前申込。2026-09-07地震体験休止、2026-08-28消火体験休止の告知あり。 公的主体：札幌市
公式サイト：https://www.toyako-vc.jp/volcano/ Googleマップ：https://www.google.com/maps/search/?api=1&query=%E5%8C%97%E6%B5%B7%E9%81%93%20%E6%B4%9E%E7%88%BA%E6%B9%96%E7%94%BA%20%E6%B4%9E%E7%88%BA%E6%B9%96%E7%94%BA%20%E7%81%AB%E5%B1%B1%E7%A7%91%E5%AD%A6%E9%A4%A8,北海道,洞爺湖町,洞爺湖町 火山科学館,火山防災施設,,,,,,,有珠山の繰り返す噴火を、映像・解説・体感装置で学ぶ。 利用条件：有料。2025年から月曜休館・冬期開館時間変更。 公的主体：洞爺湖町
公式サイト：https://www.hkd.mlit.go.jp/as/tisui/ho928l0000000oej.html Googleマップ：https://www.google.com/maps/search/?api=1&query=%E5%8C%97%E6%B5%B7%E9%81%93%20%E7%BE%8E%E7%91%9B%E7%94%BA%20%E5%8D%81%E5%8B%9D%E5%B2%B3%E7%81%AB%E5%B1%B1%E7%A0%82%E9%98%B2%E6%83%85%E5%A0%B1%E3%82%BB%E3%83%B3%E3%82%BF%E3%83%BC%EF%BC%88%E3%83%B4%E3%82%A9%E3%83%AB%E3%82%AC%EF%BC%89,北海道,美瑛町,十勝岳火山砂防情報センター（ヴォルガ）,火山防災・砂防資料館,,,,,,,十勝岳の火山砂防や防災の資料を展示する情報センター。 利用条件：国の公式案内で一般向け展示を確認。 公的主体：国土交通省北海道開発局
公式サイト：https://www.pref.aomori.lg.jp/soshiki/kikikanri/shobogakko/bosaikyoiku.html Googleマップ：https://www.google.com/maps/search/?api=1&query=%E9%9D%92%E6%A3%AE%E7%9C%8C%20%E9%9D%92%E6%A3%AE%E5%B8%82%20%E9%9D%92%E6%A3%AE%E7%9C%8C%E9%98%B2%E7%81%BD%E6%95%99%E8%82%B2%E3%82%BB%E3%83%B3%E3%82%BF%E3%83%BC,青森県,青森市,青森県防災教育センター,防災体験施設,,,,,,,防災の展示・体験を通して災害時の行動を学ぶ。施設ごとの体験内容と展示の構成を見比べたい。 利用条件：2026年4月リニューアル。7月から運営変更。申込は県ページの利用案内参照。 公的主体：青森県
公式サイト：https://unosumai-tomosu.jp/ Googleマップ：https://www.google.com/maps/search/?api=1&query=%E5%B2%A9%E6%89%8B%E7%9C%8C%20%E9%87%9C%E7%9F%B3%E5%B8%82%20%E3%81%84%E3%81%AE%E3%81%A1%E3%82%92%E3%81%A4%E3%81%AA%E3%81%90%E6%9C%AA%E6%9D%A5%E9%A4%A8,岩手県,釜石市,いのちをつなぐ未来館,津波・震災伝承館,,,,,,,地域に残された災害の記録を読み、避難と復興の教訓を学ぶ訪問先。 利用条件：市内外の一般来館者を受け入れる防災学習施設。 公的主体：釜石市
公式サイト：https://385-densho.jp/ Googleマップ：https://www.google.com/maps/search/?api=1&query=%E5%B2%A9%E6%89%8B%E7%9C%8C%20%E5%AE%AE%E5%8F%A4%E5%B8%82%20%E5%AE%AE%E5%8F%A4%E5%B8%82%E7%81%BD%E5%AE%B3%E8%B3%87%E6%96%99%E4%BC%9D%E6%89%BF%E9%A4%A8,岩手県,宮古市,宮古市災害資料伝承館,津波・災害伝承館,,,,,,,地域に残された災害の記録を読み、避難と復興の教訓を学ぶ訪問先。 利用条件：無料。展示解説希望・10名以上の団体は事前予約。 公的主体：宮古市
公式サイト：https://www.vill.noda.iwate.jp/bunka_sports/kanko/1488.html 公式資料：https://www.thr.mlit.go.jp/shinsaidensho/facility/iwate-3-017.html Googleマップ：https://www.google.com/maps/search/?api=1&query=%E5%B2%A9%E6%89%8B%E7%9C%8C%20%E9%87%8E%E7%94%B0%E6%9D%91%20%E9%87%8E%E7%94%B0%E6%9D%91%E5%BE%A9%E8%88%88%E5%B1%95%E7%A4%BA%E5%AE%A4,岩手県,野田村,野田村復興展示室,津波・震災伝承館,,,,,,,保健センター内の復興展示室。予約する震災学習プログラムと併せて訪ねたい。 利用条件：保健センター3階。見学を含む震災学習プログラムは要予約。単独訪問時の受入条件は村に確認。 公的主体：野田村
公式サイト：https://www.iwa-bousai.jp/ Googleマップ：https://www.google.com/maps/search/?api=1&query=%E5%B2%A9%E6%89%8B%E7%9C%8C%20%E7%9F%A2%E5%B7%BE%E7%94%BA%20%E5%B2%A9%E6%89%8B%E7%9C%8C%E7%AB%8B%E7%B7%8F%E5%90%88%E9%98%B2%E7%81%BD%E3%82%BB%E3%83%B3%E3%82%BF%E3%83%BC,岩手県,矢巾町,岩手県立総合防災センター,防災体験施設,,,,,,,防災の展示・体験を通して災害時の行動を学ぶ。施設ごとの体験内容と展示の構成を見比べたい。 利用条件：無料。個人・少人数は随時入館。研修は事前連絡。2026年度から日曜・月曜休館。 公的主体：岩手県
公式サイト：https://iwate-tsunami-memorial.jp/ Googleマップ：https://www.google.com/maps/search/?api=1&query=%E5%B2%A9%E6%89%8B%E7%9C%8C%20%E9%99%B8%E5%89%8D%E9%AB%98%E7%94%B0%E5%B8%82%20%E6%9D%B1%E6%97%A5%E6%9C%AC%E5%A4%A7%E9%9C%87%E7%81%BD%E6%B4%A5%E6%B3%A2%E4%BC%9D%E6%89%BF%E9%A4%A8%EF%BC%88%E3%81%84%E3%82%8F%E3%81%A6TSUNAMI%E3%83%A1%E3%83%A2%E3%83%AA%E3%82%A2%E3%83%AB%EF%BC%89,岩手県,陸前高田市,東日本大震災津波伝承館（いわてTSUNAMIメモリアル）,津波・震災伝承館,,,,,,,地域に残された災害の記録を読み、避難と復興の教訓を学ぶ訪問先。 利用条件：一般観覧・利用案内あり。 公的主体：岩手県
公式サイト：https://kesennuma-memorial.jp/ Googleマップ：https://www.google.com/maps/search/?api=1&query=%E5%AE%AE%E5%9F%8E%E7%9C%8C%20%E6%B0%97%E4%BB%99%E6%B2%BC%E5%B8%82%20%E6%B0%97%E4%BB%99%E6%B2%BC%E5%B8%82%E6%9D%B1%E6%97%A5%E6%9C%AC%E5%A4%A7%E9%9C%87%E7%81%BD%E9%81%BA%E6%A7%8B%E3%83%BB%E4%BC%9D%E6%89%BF%E9%A4%A8,宮城県,気仙沼市,気仙沼市東日本大震災遺構・伝承館,津波・震災伝承館,,,,,,,地域に残された災害の記録を読み、避難と復興の教訓を学ぶ訪問先。 利用条件：遺構内部と展示を観覧可。語り部ガイドは事前予約。 公的主体：気仙沼市
公式サイト：https://www.town.yamamoto.miyagi.jp/site/ruins-nakahama/index.html Googleマップ：https://www.google.com/maps/search/?api=1&query=%E5%AE%AE%E5%9F%8E%E7%9C%8C%20%E5%B1%B1%E5%85%83%E7%94%BA%20%E5%B1%B1%E5%85%83%E7%94%BA%E9%9C%87%E7%81%BD%E9%81%BA%E6%A7%8B%E4%B8%AD%E6%B5%9C%E5%B0%8F%E5%AD%A6%E6%A0%A1,宮城県,山元町,山元町震災遺構中浜小学校,津波・震災遺構展示施設,,,,,,,保存・公開された校舎で震災を学ぶ。語り部の案内も確認したい。 利用条件：校舎保存・公開。語り部ガイドの案内あり。 公的主体：山元町
公式サイト：https://www.pref.miyagi.jp/site/denshokan/ Googleマップ：https://www.google.com/maps/search/?api=1&query=%E5%AE%AE%E5%9F%8E%E7%9C%8C%20%E7%9F%B3%E5%B7%BB%E5%B8%82%20%E3%81%BF%E3%82%84%E3%81%8E%E6%9D%B1%E6%97%A5%E6%9C%AC%E5%A4%A7%E9%9C%87%E7%81%BD%E6%B4%A5%E6%B3%A2%E4%BC%9D%E6%89%BF%E9%A4%A8,宮城県,石巻市,みやぎ東日本大震災津波伝承館,津波・震災伝承館,,,,,,,地域に残された災害の記録を読み、避難と復興の教訓を学ぶ訪問先。 利用条件：石巻南浜津波復興祈念公園内。一般向け常設展・企画展。 公的主体：宮城県・国
公式サイト：https://www.city.ishinomaki.lg.jp/ruins/okawa/page/20251121142407.html Googleマップ：https://www.google.com/maps/search/?api=1&query=%E5%AE%AE%E5%9F%8E%E7%9C%8C%20%E7%9F%B3%E5%B7%BB%E5%B8%82%20%E7%9F%B3%E5%B7%BB%E5%B8%82%E9%9C%87%E7%81%BD%E9%81%BA%E6%A7%8B%E5%A4%A7%E5%B7%9D%E5%B0%8F%E5%AD%A6%E6%A0%A1%E3%83%BB%E5%A4%A7%E5%B7%9D%E9%9C%87%E7%81%BD%E4%BC%9D%E6%89%BF%E9%A4%A8,宮城県,石巻市,石巻市震災遺構大川小学校・大川震災伝承館,津波・震災遺構展示施設,,,,,,,保存校舎と併設伝承館をあわせて訪ね、避難と命を守る判断について学ぶ。 利用条件：一般公開。校舎遺構と併設伝承館を1件として掲載。公開範囲・開館日は公式案内参照。 公的主体：石巻市
公式サイト：https://www.city.ishinomaki.lg.jp/ruins/kadowaki/page/20251121112629.html Googleマップ：https://www.google.com/maps/search/?api=1&query=%E5%AE%AE%E5%9F%8E%E7%9C%8C%20%E7%9F%B3%E5%B7%BB%E5%B8%82%20%E7%9F%B3%E5%B7%BB%E5%B8%82%E9%9C%87%E7%81%BD%E9%81%BA%E6%A7%8B%E9%96%80%E8%84%87%E5%B0%8F%E5%AD%A6%E6%A0%A1,宮城県,石巻市,石巻市震災遺構門脇小学校,津波・震災遺構展示施設,,,,,,,津波火災の痕跡が残る校舎と展示館を通して、被災時の行動を考える。 利用条件：一般観覧可。津波火災の遺構と展示館。保存校舎は外部通路から見学。 公的主体：石巻市
公式サイト：https://sendai311-memorial.jp/about/overview/ Googleマップ：https://www.google.com/maps/search/?api=1&query=%E5%AE%AE%E5%9F%8E%E7%9C%8C%20%E4%BB%99%E5%8F%B0%E5%B8%82%E8%8B%A5%E6%9E%97%E5%8C%BA%20%E3%81%9B%E3%82%93%E3%81%A0%E3%81%843.11%E3%83%A1%E3%83%A2%E3%83%AA%E3%82%A2%E3%83%AB%E4%BA%A4%E6%B5%81%E9%A4%A8,宮城県,仙台市若林区,せんだい3.11メモリアル交流館,震災伝承館,,,,,,,地域に残された災害の記録を読み、避難と復興の教訓を学ぶ訪問先。 利用条件：無料。地下鉄東西線荒井駅舎内。 公的主体：仙台市
公式サイト：https://arahama.sendai311-memorial.jp/information/index.html Googleマップ：https://www.google.com/maps/search/?api=1&query=%E5%AE%AE%E5%9F%8E%E7%9C%8C%20%E4%BB%99%E5%8F%B0%E5%B8%82%E8%8B%A5%E6%9E%97%E5%8C%BA%20%E9%9C%87%E7%81%BD%E9%81%BA%E6%A7%8B%20%E4%BB%99%E5%8F%B0%E5%B8%82%E7%AB%8B%E8%8D%92%E6%B5%9C%E5%B0%8F%E5%AD%A6%E6%A0%A1,宮城県,仙台市若林区,震災遺構 仙台市立荒浜小学校,津波・震災遺構展示施設,,,,,,,一般公開された被災校舎をたどり、学校と地域の避難の記録を読む。 利用条件：校舎内を一般公開。職員案内希望は事前予約。 公的主体：仙台市
公式サイト：https://www.city.higashimatsushima.miyagi.jp/shisei/shinsaifukko/fukkokinenkoen/fukkodensyokan.html Googleマップ：https://www.google.com/maps/search/?api=1&query=%E5%AE%AE%E5%9F%8E%E7%9C%8C%20%E6%9D%B1%E6%9D%BE%E5%B3%B6%E5%B8%82%20%E6%9D%B1%E6%9D%BE%E5%B3%B6%E5%B8%82%E9%9C%87%E7%81%BD%E5%BE%A9%E8%88%88%E4%BC%9D%E6%89%BF%E9%A4%A8,宮城県,東松島市,東松島市震災復興伝承館,津波・震災伝承館,,,,,,,旧野蒜駅舎を活用した伝承館で、地域の被災と復興の記録を読む。 利用条件：無料。旧野蒜駅舎を活用した展示施設。 公的主体：東松島市
公式サイト：https://www.natori-denshoukan.jp/ Googleマップ：https://www.google.com/maps/search/?api=1&query=%E5%AE%AE%E5%9F%8E%E7%9C%8C%20%E5%90%8D%E5%8F%96%E5%B8%82%20%E5%90%8D%E5%8F%96%E5%B8%82%E9%9C%87%E7%81%BD%E5%BE%A9%E8%88%88%E4%BC%9D%E6%89%BF%E9%A4%A8,宮城県,名取市,名取市震災復興伝承館,津波・震災伝承館,,,,,,,地域に残された災害の記録を読み、避難と復興の教訓を学ぶ訪問先。 利用条件：無料。開館時間は季節により異なる。 公的主体：名取市
公式サイト：https://bousai-akita.jp/pages/index.html?article_id=54 Googleマップ：https://www.google.com/maps/search/?api=1&query=%E7%A7%8B%E7%94%B0%E7%9C%8C%20%E7%94%B1%E5%88%A9%E6%9C%AC%E8%8D%98%E5%B8%82%20%E7%A7%8B%E7%94%B0%E7%9C%8C%E9%98%B2%E7%81%BD%E5%AD%A6%E7%BF%92%E9%A4%A8,秋田県,由利本荘市,秋田県防災学習館,防災体験施設,,,,,,,防災の展示・体験を通して災害時の行動を学ぶ。施設ごとの体験内容と展示の構成を見比べたい。 利用条件：一般体験可。団体は予約。個人も事前予約・電話確認を推奨。 公的主体：秋田県
公式サイト：https://www.pref.yamagata.jp/027007/bosai/kochibou/bousaijouhou/kyouikukeihatsu/gakusyuukann.html Googleマップ：https://www.google.com/maps/search/?api=1&query=%E5%B1%B1%E5%BD%A2%E7%9C%8C%20%E4%B8%89%E5%B7%9D%E7%94%BA%20%E5%B1%B1%E5%BD%A2%E7%9C%8C%E9%98%B2%E7%81%BD%E5%AD%A6%E7%BF%92%E9%A4%A8,山形県,三川町,山形県防災学習館,防災体験施設,,,,,,,防災の展示・体験を通して災害時の行動を学ぶ。施設ごとの体験内容と展示の構成を見比べたい。 利用条件：無料。団体は事前予約。地震体験は屋外の体験車で天候により中止。 公的主体：山形県
公式サイト：https://memorial-iwaki.com/ Googleマップ：https://www.google.com/maps/search/?api=1&query=%E7%A6%8F%E5%B3%B6%E7%9C%8C%20%E3%81%84%E3%82%8F%E3%81%8D%E5%B8%82%20%E3%81%84%E3%82%8F%E3%81%8D%E9%9C%87%E7%81%BD%E4%BC%9D%E6%89%BF%E3%81%BF%E3%82%89%E3%81%84%E9%A4%A8,福島県,いわき市,いわき震災伝承みらい館,震災伝承館,,,,,,,地域に残された災害の記録を読み、避難と復興の教訓を学ぶ訪問先。 利用条件：一般向け展示・語り部講話。 公的主体：いわき市
公式サイト：https://www.fipo.or.jp/lore/ Googleマップ：https://www.google.com/maps/search/?api=1&query=%E7%A6%8F%E5%B3%B6%E7%9C%8C%20%E5%8F%8C%E8%91%89%E7%94%BA%20%E6%9D%B1%E6%97%A5%E6%9C%AC%E5%A4%A7%E9%9C%87%E7%81%BD%E3%83%BB%E5%8E%9F%E5%AD%90%E5%8A%9B%E7%81%BD%E5%AE%B3%E4%BC%9D%E6%89%BF%E9%A4%A8,福島県,双葉町,東日本大震災・原子力災害伝承館,震災・原子力災害伝承館,,,,,,,地域に残された災害の記録を読み、避難と復興の教訓を学ぶ訪問先。 利用条件：一般観覧可。入館料金・語り部講話の案内あり。 公的主体：福島県
公式サイト：https://www.manamori.jp/museum/index.html Googleマップ：https://www.google.com/maps/search/?api=1&query=%E7%A6%8F%E5%B3%B6%E7%9C%8C%20%E5%AF%8C%E5%B2%A1%E7%94%BA%20%E3%81%A8%E3%81%BF%E3%81%8A%E3%81%8B%E3%82%A2%E3%83%BC%E3%82%AB%E3%82%A4%E3%83%96%E3%83%BB%E3%83%9F%E3%83%A5%E3%83%BC%E3%82%B8%E3%82%A2%E3%83%A0,福島県,富岡町,とみおかアーカイブ・ミュージアム,震災・原子力災害伝承館,,,,,,,地域の歴史と、震災・原子力災害の複合的な記録をあわせて読む。 利用条件：一般観覧・企画展・利用案内あり。地域史と複合災害の展示。 公的主体：富岡町
公式サイト：https://www.town.namie.fukushima.jp/soshiki/35/29757.html Googleマップ：https://www.google.com/maps/search/?api=1&query=%E7%A6%8F%E5%B3%B6%E7%9C%8C%20%E6%B5%AA%E6%B1%9F%E7%94%BA%20%E9%9C%87%E7%81%BD%E9%81%BA%E6%A7%8B%20%E6%B5%AA%E6%B1%9F%E7%94%BA%E7%AB%8B%E8%AB%8B%E6%88%B8%E5%B0%8F%E5%AD%A6%E6%A0%A1,福島県,浪江町,震災遺構 浪江町立請戸小学校,津波・震災遺構展示施設,,,,,,,被災校舎の公開部分を見学し、津波からの避難を学ぶ。 利用条件：町公式から専用サイトを案内。被災校舎を一般公開。 公的主体：浪江町
公式サイト：https://www.t-bousaikan.jp/ 公式資料：https://www.pref.tochigi.lg.jp/l51/prevent/bousai/chishiki/1183616253771.html Googleマップ：https://www.google.com/maps/search/?api=1&query=%E6%A0%83%E6%9C%A8%E7%9C%8C%20%E5%AE%87%E9%83%BD%E5%AE%AE%E5%B8%82%20%E6%A0%83%E6%9C%A8%E7%9C%8C%E9%98%B2%E7%81%BD%E9%A4%A8,栃木県,宇都宮市,栃木県防災館,防災館,,,,,,,防災の展示・体験を通して災害時の行動を学ぶ。施設ごとの体験内容と展示の構成を見比べたい。 利用条件：無料。個人申込不要、10名以上は事前申込。 公的主体：栃木県
公式サイト：https://www.ktr.mlit.go.jp/nikko/nikko00017.html Googleマップ：https://www.google.com/maps/search/?api=1&query=%E6%A0%83%E6%9C%A8%E7%9C%8C%20%E6%97%A5%E5%85%89%E5%B8%82%20SABO%E3%82%A4%E3%83%B3%E3%83%95%E3%82%A9%E3%83%A1%E3%83%BC%E3%82%B7%E3%83%A7%E3%83%B3%E3%82%B3%E3%83%BC%E3%83%8A%E3%83%BC%EF%BC%88%E6%97%A5%E5%85%89%E9%83%B7%E5%9C%9F%E3%82%BB%E3%83%B3%E3%82%BF%E3%83%BC%E5%86%85%EF%BC%89,栃木県,日光市,SABOインフォメーションコーナー（日光郷土センター内）,砂防資料展示室,,,,,,,観光案内施設内の小規模展示。砂防施設のパネルと効果体験模型を見学する。 利用条件：一般見学可・無料。砂防施設のパネル・効果体験模型を展示。 公的主体：国土交通省
公式サイト：https://www.town.naganohara.gunma.jp/yamba-museum/guide.html Googleマップ：https://www.google.com/maps/search/?api=1&query=%E7%BE%A4%E9%A6%AC%E7%9C%8C%20%E9%95%B7%E9%87%8E%E5%8E%9F%E7%94%BA%20%E3%82%84%E3%82%93%E3%81%B0%E5%A4%A9%E6%98%8E%E6%B3%A5%E6%B5%81%E3%83%9F%E3%83%A5%E3%83%BC%E3%82%B8%E3%82%A2%E3%83%A0,群馬県,長野原町,やんば天明泥流ミュージアム,火山災害伝承館,,,,,,,天明泥流の実物資料・模型・映像から、火山災害と当時の暮らしを学ぶ。 利用条件：一般観覧可・有料。天明泥流の被災資料・映像・模型を展示。 公的主体：長野原町
公式サイト：https://www.asamaen.tsumagoi.gunma.jp/kazan.html 公式資料：https://www.asamaen.tsumagoi.gunma.jp/access.html Googleマップ：https://www.google.com/maps/search/?api=1&query=%E7%BE%A4%E9%A6%AC%E7%9C%8C%20%E9%95%B7%E9%87%8E%E5%8E%9F%E7%94%BA%20%E6%B5%85%E9%96%93%E5%B1%B1%E5%8C%97%E9%BA%93%E3%83%93%E3%82%B8%E3%82%BF%E3%83%BC%E3%82%BB%E3%83%B3%E3%82%BF%E3%83%BC,群馬県,長野原町,浅間山北麓ビジターセンター,火山学習施設,,,,,,,浅間山の成り立ちをジオラマで学ぶ小規模施設。季節・曜日限定の訪問候補。 利用条件：有料。2026年は4月24日〜11月30日の金土日祝営業。所在地は公式アクセスに記載の長野原町北軽井沢を採用。旧浅間記念館を改修した現施設。 公的主体：長野原町（町営浅間園）
公式サイト：https://www.ktr.mlit.go.jp/tonejo/tonejo_index011.html Googleマップ：https://www.google.com/maps/search/?api=1&query=%E5%9F%BC%E7%8E%89%E7%9C%8C%20%E4%B9%85%E5%96%9C%E5%B8%82%20%E5%88%A9%E6%A0%B9%E5%B7%9D%E8%B3%87%E6%96%99%E9%96%B2%E8%A6%A7%E5%AE%A4%EF%BC%88%E6%97%A7%E3%83%BB%E5%88%A9%E6%A0%B9%E5%B7%9D%E8%B3%87%E6%96%99%E9%A4%A8%EF%BC%89,埼玉県,久喜市,利根川資料閲覧室（旧・利根川資料館）,治水資料館,,,,,,,利根川関係の資料を閲覧する予約型の施設。展示巡りより調べもの向け。 利用条件：事前予約で誰でも閲覧可。7日前まで連絡。利用日・時間は公式利用案内参照。 公的主体：国土交通省
公式サイト：https://saitamabousai.jp/ Googleマップ：https://www.google.com/maps/search/?api=1&query=%E5%9F%BC%E7%8E%89%E7%9C%8C%20%E9%B4%BB%E5%B7%A3%E5%B8%82%20%E5%9F%BC%E7%8E%89%E7%9C%8C%E9%98%B2%E7%81%BD%E5%AD%A6%E7%BF%92%E3%82%BB%E3%83%B3%E3%82%BF%E3%83%BC%EF%BC%88%E8%83%BD%E7%BE%8E%E9%98%B2%E7%81%BD%E3%81%9D%E3%81%AA%E3%83%BC%E3%81%88%EF%BC%89,埼玉県,鴻巣市,埼玉県防災学習センター（能美防災そなーえ）,防災体験施設,,,,,,,防災の展示・体験を通して災害時の行動を学ぶ。施設ごとの体験内容と展示の構成を見比べたい。 利用条件：無料。団体は予約。体験項目に年齢制限あり。 公的主体：埼玉県
公式サイト：https://www.ktr.mlit.go.jp/edogawa/edogawa_index042.html Googleマップ：https://www.google.com/maps/search/?api=1&query=%E5%9F%BC%E7%8E%89%E7%9C%8C%20%E6%98%A5%E6%97%A5%E9%83%A8%E5%B8%82%20%E9%A6%96%E9%83%BD%E5%9C%8F%E5%A4%96%E9%83%AD%E6%94%BE%E6%B0%B4%E8%B7%AF%20%E9%BE%8DQ%E9%A4%A8,埼玉県,春日部市,首都圏外郭放水路 龍Q館,治水・防災学習施設,,,,,,,首都圏外郭放水路を解説する展示を見学。地下施設まで見る場合は別途予約が必要。 利用条件：展示室は予約不要・無料。地下施設見学は別途予約。月曜は見学会参加者のみ入館可。一部コンテンツ休止案内あり。 公的主体：国土交通省・春日部市
公式サイト：https://www.pref.chiba.lg.jp/bousaik/jibun/taiken/seibubousai.html Googleマップ：https://www.google.com/maps/search/?api=1&query=%E5%8D%83%E8%91%89%E7%9C%8C%20%E6%9D%BE%E6%88%B8%E5%B8%82%20%E5%8D%83%E8%91%89%E7%9C%8C%E8%A5%BF%E9%83%A8%E9%98%B2%E7%81%BD%E3%82%BB%E3%83%B3%E3%82%BF%E3%83%BC,千葉県,松戸市,千葉県西部防災センター,防災体験施設,,,,,,,防災の展示・体験を通して災害時の行動を学ぶ。施設ごとの体験内容と展示の構成を見比べたい。 利用条件：無料。体験ツアー事前予約。県案内に地震体験・総合テーマ室休止の記載あり（2025-08-25更新）。 公的主体：千葉県
公式サイト：https://www.tokyorinkai-koen.jp/ Googleマップ：https://www.google.com/maps/search/?api=1&query=%E6%9D%B1%E4%BA%AC%E9%83%BD%20%E6%B1%9F%E6%9D%B1%E5%8C%BA%20%E3%81%9D%E3%81%AA%E3%82%A8%E3%83%AA%E3%82%A2%E6%9D%B1%E4%BA%AC%EF%BC%88%E6%9D%B1%E4%BA%AC%E8%87%A8%E6%B5%B7%E5%BA%83%E5%9F%9F%E9%98%B2%E7%81%BD%E5%85%AC%E5%9C%92%EF%BC%89,東京都,江東区,そなエリア東京（東京臨海広域防災公園）,防災体験施設,,,,,,,「東京直下72h TOUR」で、被災直後を想定した展示空間と防災拠点を見学する。 利用条件：個人・家族と団体の見学案内あり。混雑時はツアー受付終了の場合あり。 公的主体：国（国営公園）
公式サイト：https://www.tfd.metro.tokyo.lg.jp/taiken/hkkan/ Googleマップ：https://www.google.com/maps/search/?api=1&query=%E6%9D%B1%E4%BA%AC%E9%83%BD%20%E6%96%B0%E5%AE%BF%E5%8C%BA%20%E6%B6%88%E9%98%B2%E5%8D%9A%E7%89%A9%E9%A4%A8%EF%BC%88%E6%9D%B1%E4%BA%AC%E6%B6%88%E9%98%B2%E5%BA%81%E6%B6%88%E9%98%B2%E9%98%B2%E7%81%BD%E8%B3%87%E6%96%99%E3%82%BB%E3%83%B3%E3%82%BF%E3%83%BC%EF%BC%89,東京都,新宿区,消防博物館（東京消防庁消防防災資料センター）,消防資料館,,,,,,,消防車両・消防用具の実物と、江戸から現代への消防展示の変化を見比べる。 利用条件：個人は予約不要。団体見学は公式利用案内を確認。 公的主体：東京消防庁
公式サイト：https://www.town.oshima.tokyo.jp/soshiki/kankou/geonous1.html Googleマップ：https://www.google.com/maps/search/?api=1&query=%E6%9D%B1%E4%BA%AC%E9%83%BD%20%E5%A4%A7%E5%B3%B6%E7%94%BA%20%E4%BC%8A%E8%B1%86%E5%A4%A7%E5%B3%B6%E3%83%9F%E3%83%A5%E3%83%BC%E3%82%B8%E3%82%A2%E3%83%A0%20%E3%82%B8%E3%82%AA%E3%83%8E%E3%82%B9%EF%BC%88%E6%97%A7%E3%83%BB%E4%BC%8A%E8%B1%86%E5%A4%A7%E5%B3%B6%E7%81%AB%E5%B1%B1%E5%8D%9A%E7%89%A9%E9%A4%A8%EF%BC%89,東京都,大島町,伊豆大島ミュージアム ジオノス（旧・伊豆大島火山博物館）,火山防災施設,,,,,,,旧火山博物館から更新された展示を訪ね、島の火山・自然・暮らしを学ぶ。 利用条件：2025-07-01リニューアル開館。旧名称での重複掲載なし。 公的主体：大島町
公式サイト：https://www.city.shinagawa.tokyo.jp/PC/bosai/bosai2/taiken/taikenkan/hpg000027669.html Googleマップ：https://www.google.com/maps/search/?api=1&query=%E6%9D%B1%E4%BA%AC%E9%83%BD%20%E5%93%81%E5%B7%9D%E5%8C%BA%20%E3%81%97%E3%81%AA%E3%81%8C%E3%82%8F%E9%98%B2%E7%81%BD%E4%BD%93%E9%A8%93%E9%A4%A8,東京都,品川区,しながわ防災体験館,防災体験施設,,,,,,,防災の展示・体験を通して災害時の行動を学ぶ。施設ごとの体験内容と展示の構成を見比べたい。 利用条件：一般向け展示・体験。団体予約時は貸切・体験制限の場合あり。2026年4月から第3土曜日の翌日曜日も休館。 公的主体：品川区
公式サイト：https://www.tfd.metro.tokyo.lg.jp/taiken/ikebukuro/ Googleマップ：https://www.google.com/maps/search/?api=1&query=%E6%9D%B1%E4%BA%AC%E9%83%BD%20%E8%B1%8A%E5%B3%B6%E5%8C%BA%20%E6%B1%A0%E8%A2%8B%E9%98%B2%E7%81%BD%E9%A4%A8,東京都,豊島区,池袋防災館,防災館,,,,,,,防災の展示・体験を通して災害時の行動を学ぶ。施設ごとの体験内容と展示の構成を見比べたい。 利用条件：個人も体験の事前予約を案内。自由見学コーナーあり。 公的主体：東京都・東京消防庁
公式サイト：https://www.ara-amoa.com/ Googleマップ：https://www.google.com/maps/search/?api=1&query=%E6%9D%B1%E4%BA%AC%E9%83%BD%20%E5%8C%97%E5%8C%BA%20%E8%8D%92%E5%B7%9D%E7%9F%A5%E6%B0%B4%E8%B3%87%E6%96%99%E9%A4%A8%EF%BC%88amoa%EF%BC%89,東京都,北区,荒川知水資料館（amoa）,治水資料館,,,,,,,荒川の治水を扱う資料館。河川と水防の公共展示に関心がある場合の候補。 利用条件：無料。季節で閉館時刻変更。2026-08-31に2階通常利用再開の告知。 公的主体：国土交通省
公式サイト：https://www.city.kita.lg.jp/safety/disaster/1002639/1002675.html Googleマップ：https://www.google.com/maps/search/?api=1&query=%E6%9D%B1%E4%BA%AC%E9%83%BD%20%E5%8C%97%E5%8C%BA%20%E6%9D%B1%E4%BA%AC%E9%83%BD%E5%8C%97%E5%8C%BA%E9%98%B2%E7%81%BD%E3%82%BB%E3%83%B3%E3%82%BF%E3%83%BC%EF%BC%88%E5%9C%B0%E9%9C%87%E3%81%AE%E7%A7%91%E5%AD%A6%E9%A4%A8%EF%BC%89,東京都,北区,東京都北区防災センター（地震の科学館）,地震科学館・防災体験施設,,,,,,,防災の展示・体験を通して災害時の行動を学ぶ。施設ごとの体験内容と展示の構成を見比べたい。 利用条件：無料。一部体験は1名でも事前予約。 公的主体：北区
公式サイト：https://www.tfd.metro.tokyo.lg.jp/taiken/honjo/ Googleマップ：https://www.google.com/maps/search/?api=1&query=%E6%9D%B1%E4%BA%AC%E9%83%BD%20%E5%A2%A8%E7%94%B0%E5%8C%BA%20%E6%9C%AC%E6%89%80%E9%98%B2%E7%81%BD%E9%A4%A8,東京都,墨田区,本所防災館,防災館,,,,,,,防災の展示・体験を通して災害時の行動を学ぶ。施設ごとの体験内容と展示の構成を見比べたい。 利用条件：無料。防災体験ツアーは予約制。自由見学あり。 公的主体：東京都・東京消防庁
公式サイト：https://www.tfd.metro.tokyo.lg.jp/taiken/tachikawa/ 公式資料：https://www.tfd.metro.tokyo.lg.jp/taiken/tachikawa/20240201_00003.html Googleマップ：https://www.google.com/maps/search/?api=1&query=%E6%9D%B1%E4%BA%AC%E9%83%BD%20%E7%AB%8B%E5%B7%9D%E5%B8%82%20%E7%AB%8B%E5%B7%9D%E9%98%B2%E7%81%BD%E9%A4%A8,東京都,立川市,立川防災館,防災館,,,,,,,防災の展示・体験を通して災害時の行動を学ぶ。施設ごとの体験内容と展示の構成を見比べたい。 利用条件：一般向け体験・自由見学あり。消火コーナーは2026-04-18再開済み（室内一部立入禁止）。 公的主体：東京都・東京消防庁
公式サイト：https://www.city.nerima.tokyo.jp/shisetsu/bousai/bousaigaku/index.html Googleマップ：https://www.google.com/maps/search/?api=1&query=%E6%9D%B1%E4%BA%AC%E9%83%BD%20%E7%B7%B4%E9%A6%AC%E5%8C%BA%20%E7%B7%B4%E9%A6%AC%E5%8C%BA%E7%AB%8B%E9%98%B2%E7%81%BD%E5%AD%A6%E7%BF%92%E3%82%BB%E3%83%B3%E3%82%BF%E3%83%BC,東京都,練馬区,練馬区立防災学習センター,防災体験施設,,,,,,,防災の展示・体験を通して災害時の行動を学ぶ。施設ごとの体験内容と展示の構成を見比べたい。 利用条件：無料展示室あり。予約不要の体験講座と要予約コースあり。 公的主体：練馬区
公式サイト：https://bo-sai.city.yokohama.lg.jp/ Googleマップ：https://www.google.com/maps/search/?api=1&query=%E7%A5%9E%E5%A5%88%E5%B7%9D%E7%9C%8C%20%E6%A8%AA%E6%B5%9C%E5%B8%82%E7%A5%9E%E5%A5%88%E5%B7%9D%E5%8C%BA%20%E6%A8%AA%E6%B5%9C%E5%B8%82%E6%B0%91%E9%98%B2%E7%81%BD%E3%82%BB%E3%83%B3%E3%82%BF%E3%83%BC,神奈川県,横浜市神奈川区,横浜市民防災センター,防災体験施設,,,,,,,防災の展示・体験を通して災害時の行動を学ぶ。施設ごとの体験内容と展示の構成を見比べたい。 利用条件：一般向け体験ツアー・プログラムと予約案内あり。 公的主体：横浜市
公式サイト：https://www.pref.kanagawa.jp/docs/zn2/bousaicenter/homepage.html Googleマップ：https://www.google.com/maps/search/?api=1&query=%E7%A5%9E%E5%A5%88%E5%B7%9D%E7%9C%8C%20%E5%8E%9A%E6%9C%A8%E5%B8%82%20%E7%A5%9E%E5%A5%88%E5%B7%9D%E7%9C%8C%E7%B7%8F%E5%90%88%E9%98%B2%E7%81%BD%E3%82%BB%E3%83%B3%E3%82%BF%E3%83%BC%EF%BC%88%E9%98%B2%E7%81%BD%E6%83%85%E5%A0%B1%E3%83%BB%E4%BD%93%E9%A8%93%E3%83%95%E3%83%AD%E3%82%A2%EF%BC%89,神奈川県,厚木市,神奈川県総合防災センター（防災情報・体験フロア）,防災体験施設,,,,,,,防災の展示・体験を通して災害時の行動を学ぶ。施設ごとの体験内容と展示の構成を見比べたい。 利用条件：9名以下予約不要。団体は予約案内参照。2026-12-20臨時休館告知あり。 公的主体：神奈川県
公式サイト：https://www.hrr.mlit.go.jp/shinano/ohkouzu/museum.html Googleマップ：https://www.google.com/maps/search/?api=1&query=%E6%96%B0%E6%BD%9F%E7%9C%8C%20%E7%87%95%E5%B8%82%20%E4%BF%A1%E6%BF%83%E5%B7%9D%E5%A4%A7%E6%B2%B3%E6%B4%A5%E8%B3%87%E6%96%99%E9%A4%A8,新潟県,燕市,信濃川大河津資料館,治水資料館,,,,,,,大河津分水の常設展示と展望室を訪ね、河川改修の役割を学ぶ。 利用条件：無料。常設展示・展望室。団体・学習支援は申込案内参照。 公的主体：国土交通省
公式サイト：https://www.city.ojiya.niigata.jp/soshiki/bunkasports/sokorate-sonaekan.html Googleマップ：https://www.google.com/maps/search/?api=1&query=%E6%96%B0%E6%BD%9F%E7%9C%8C%20%E5%B0%8F%E5%8D%83%E8%B0%B7%E5%B8%82%20%E8%96%AD%E7%94%9F%E4%B8%99299-1%20%E3%82%BD%E3%82%B3%E3%83%A9%E3%83%86%20%E3%81%9D%E3%81%AA%E3%81%88%E9%A4%A8,新潟県,小千谷市,おぢや震災ミュージアム そなえ館,震災伝承館・防災体験施設,,,,,,,ソコラテ内へ移転した震災ミュージアム。旧所在地との取り違えに注意して訪問する。 利用条件：2026-07-01利用開始の移転先を採用。薭生丙299-1ソコラテ内。旧施設と混同注意。 公的主体：小千谷市
公式サイト：https://www.pref.niigata.lg.jp/sec/jouetsu_sabou/museum.html Googleマップ：https://www.google.com/maps/search/?api=1&query=%E6%96%B0%E6%BD%9F%E7%9C%8C%20%E4%B8%8A%E8%B6%8A%E5%B8%82%20%E5%9C%B0%E3%81%99%E3%81%B9%E3%82%8A%E8%B3%87%E6%96%99%E9%A4%A8,新潟県,上越市,地すべり資料館,砂防資料館,,,,,,,映像や模型を通して、地すべりの仕組みと対策工事を学ぶ専門資料館。 利用条件：一般向け展示。冬季は開館時間短縮。所在地は板倉区猿供養寺。 公的主体：新潟県
公式サイト：https://www.city.niigata.lg.jp/kurashi/bohan/shobo/kohoibentokousyukai/koho/tyousyakenngaku.html Googleマップ：https://www.google.com/maps/search/?api=1&query=%E6%96%B0%E6%BD%9F%E7%9C%8C%20%E6%96%B0%E6%BD%9F%E5%B8%82%E4%B8%AD%E5%A4%AE%E5%8C%BA%20%E6%96%B0%E6%BD%9F%E5%B8%82%E6%B6%88%E9%98%B2%E5%B1%80%E3%83%BB%E4%B8%AD%E5%A4%AE%E6%B6%88%E9%98%B2%E7%BD%B2%20%E3%82%A8%E3%83%B3%E3%83%88%E3%83%A9%E3%83%B3%E3%82%B9%E3%83%9B%E3%83%BC%E3%83%AB%E5%B1%95%E7%A4%BA,新潟県,新潟市中央区,新潟市消防局・中央消防署 エントランスホール展示,消防資料館・防災体験施設,,,,,,,消防署の公開ホールで、消防の歴史や防火・通報の展示を短時間で見学する。 利用条件：エントランス展示は予約不要。他の施設を含む見学は10名以上の団体で要予約。災害時は中止の場合あり。 公的主体：新潟市
公式サイト：https://orataru.net/information-2/ Googleマップ：https://www.google.com/maps/search/?api=1&query=%E6%96%B0%E6%BD%9F%E7%9C%8C%20%E9%95%B7%E5%B2%A1%E5%B8%82%20%E3%82%84%E3%81%BE%E3%81%93%E3%81%97%E5%BE%A9%E8%88%88%E4%BA%A4%E6%B5%81%E9%A4%A8%20%E3%81%8A%E3%82%89%E3%81%9F%E3%82%8B,新潟県,長岡市,やまこし復興交流館 おらたる,震災伝承館,,,,,,,山古志の震災と復興を学ぶ交流館。地域の記録を読む訪問先。 利用条件：無料・予約不要で見学可。団体予約推奨。 公的主体：長岡市
公式サイト：https://shikibousaikan.jp/ Googleマップ：https://www.google.com/maps/search/?api=1&query=%E5%AF%8C%E5%B1%B1%E7%9C%8C%20%E5%AF%8C%E5%B1%B1%E5%B8%82%20%E5%9B%9B%E5%AD%A3%E9%98%B2%E7%81%BD%E9%A4%A8%EF%BC%88ALSOK%E3%81%A8%E3%82%84%E3%81%BE%E5%9B%9B%E5%AD%A3%E9%98%B2%E7%81%BD%E9%A4%A8%EF%BC%89,富山県,富山市,四季防災館（ALSOKとやま四季防災館）,防災体験施設,,,,,,,防災の展示・体験を通して災害時の行動を学ぶ。施設ごとの体験内容と展示の構成を見比べたい。 利用条件：2026-04-21リニューアル。体験予約状況を確認して来館。 公的主体：富山県
公式サイト：https://www.tatecal.or.jp/tatecal/index.html Googleマップ：https://www.google.com/maps/search/?api=1&query=%E5%AF%8C%E5%B1%B1%E7%9C%8C%20%E7%AB%8B%E5%B1%B1%E7%94%BA%20%E5%AF%8C%E5%B1%B1%E7%9C%8C%E7%AB%8B%E5%B1%B1%E3%82%AB%E3%83%AB%E3%83%87%E3%83%A9%E7%A0%82%E9%98%B2%E5%8D%9A%E7%89%A9%E9%A4%A8,富山県,立山町,富山県立山カルデラ砂防博物館,砂防資料館,,,,,,,立山の自然と砂防を扱う博物館。砂防という専門分野の展示をまとまって見たい。 利用条件：一般観覧可。冬季は閉館時間短縮。屋外体験学習は別途申込。 公的主体：富山県
公式サイト：https://www.hrr.mlit.go.jp/kanazawa/hakusansabo/08kagakukan/kagakukan01.html Googleマップ：https://www.google.com/maps/search/?api=1&query=%E7%9F%B3%E5%B7%9D%E7%9C%8C%20%E7%99%BD%E5%B1%B1%E5%B8%82%20%E7%99%BD%E5%B1%B1%E7%A0%82%E9%98%B2%E7%A7%91%E5%AD%A6%E9%A4%A8,石川県,白山市,白山砂防科学館,砂防資料館,,,,,,,白山の災害と砂防を、映像・模型・無人化施工体験などから知る。 利用条件：一般見学可・無料。団体の説明希望は事前申込。 公的主体：国土交通省
公式サイト：https://www.city.fukui.lg.jp/kurasi/bosai/bosai/p000109.html Googleマップ：https://www.google.com/maps/search/?api=1&query=%E7%A6%8F%E4%BA%95%E7%9C%8C%20%E7%A6%8F%E4%BA%95%E5%B8%82%20%E7%A6%8F%E4%BA%95%E5%B8%82%E9%98%B2%E7%81%BD%E3%82%BB%E3%83%B3%E3%82%BF%E3%83%BC,福井県,福井市,福井市防災センター,防災体験施設,,,,,,,防災の展示・体験を通して災害時の行動を学ぶ。施設ごとの体験内容と展示の構成を見比べたい。 利用条件：防火・防災の学習施設。利用条件は市の施設案内参照。 公的主体：福井市
公式サイト：https://yamanashi-bousai.or.jp/riyou/97/ Googleマップ：https://www.google.com/maps/search/?api=1&query=%E5%B1%B1%E6%A2%A8%E7%9C%8C%20%E4%B8%AD%E5%A4%AE%E5%B8%82%20%E5%B1%B1%E6%A2%A8%E7%9C%8C%E7%AB%8B%E9%98%B2%E7%81%BD%E5%AE%89%E5%85%A8%E3%82%BB%E3%83%B3%E3%82%BF%E3%83%BC,山梨県,中央市,山梨県立防災安全センター,防災体験施設,,,,,,,防災の展示・体験を通して災害時の行動を学ぶ。施設ごとの体験内容と展示の構成を見比べたい。 利用条件：個人も利用可。無料。見学・体験・講義の申込方法は利用案内参照。 公的主体：山梨県
公式サイト：https://ontake-vc.jp/yama/facility/ Googleマップ：https://www.google.com/maps/search/?api=1&query=%E9%95%B7%E9%87%8E%E7%9C%8C%20%E7%8E%8B%E6%BB%9D%E6%9D%91%20%E9%95%B7%E9%87%8E%E7%9C%8C%E7%AB%8B%E5%BE%A1%E5%B6%BD%E5%B1%B1%E3%83%93%E3%82%B8%E3%82%BF%E3%83%BC%E3%82%BB%E3%83%B3%E3%82%BF%E3%83%BC%EF%BC%88%E3%82%84%E3%81%BE%E3%83%86%E3%83%A9%E3%82%B9%E7%8E%8B%E6%BB%9D%EF%BC%89,長野県,王滝村,長野県立御嶽山ビジターセンター（やまテラス王滝）,火山防災施設,,,,,,,噴火災害の伝承と安全登山を学ぶ拠点。二つのセンターの違いも見たい。 利用条件：季節開館。2026年5月2日～11月3日予定。天候で変更あり。 公的主体：長野県
公式サイト：https://ontake-vc.jp/sato/ Googleマップ：https://www.google.com/maps/search/?api=1&query=%E9%95%B7%E9%87%8E%E7%9C%8C%20%E6%9C%A8%E6%9B%BD%E7%94%BA%20%E6%9C%A8%E6%9B%BD%E7%94%BA%E5%BE%A1%E5%B6%BD%E5%B1%B1%E3%83%93%E3%82%B8%E3%82%BF%E3%83%BC%E3%82%BB%E3%83%B3%E3%82%BF%E3%83%BC%EF%BC%88%E3%81%95%E3%81%A8%E3%83%86%E3%83%A9%E3%82%B9%E4%B8%89%E5%B2%B3%EF%BC%89,長野県,木曽町,木曽町御嶽山ビジターセンター（さとテラス三岳）,火山防災施設,,,,,,,噴火災害の伝承と安全登山を学ぶ拠点。二つのセンターの違いも見たい。 利用条件：一般展示。噴火災害伝承・安全登山情報。 公的主体：木曽町
公式サイト：https://www.pref.gifu.lg.jp/page/2259.html Googleマップ：https://www.google.com/maps/search/?api=1&query=%E5%B2%90%E9%98%9C%E7%9C%8C%20%E6%B5%B7%E6%B4%A5%E5%B8%82%20%E5%B2%90%E9%98%9C%E7%9C%8C%E3%81%95%E3%81%BC%E3%81%86%E9%81%8A%E5%AD%A6%E9%A4%A8,岐阜県,海津市,岐阜県さぼう遊学館,砂防資料館,,,,,,,土砂災害の特徴と避難を学ぶ展示。説明を希望する場合は事前申込が有用。 利用条件：展示は自由見学・無料。団体利用・専門家による説明は申込。 公的主体：岐阜県
公式サイト：https://www.city.ogaki.lg.jp/0000000609.html Googleマップ：https://www.google.com/maps/search/?api=1&query=%E5%B2%90%E9%98%9C%E7%9C%8C%20%E5%A4%A7%E5%9E%A3%E5%B8%82%20%E5%A4%A7%E5%9E%A3%E5%B8%82%E8%BC%AA%E4%B8%AD%E9%A4%A8,岐阜県,大垣市,大垣市輪中館,治水資料館,,,,,,,水防工法の模型や輪中の景観展示から、暮らしと治水の関係を読む。 利用条件：一般見学可・無料。輪中の歴史・水防工法等を展示。 公的主体：大垣市
公式サイト：https://www.city.ogaki.lg.jp/0000000609.html Googleマップ：https://www.google.com/maps/search/?api=1&query=%E5%B2%90%E9%98%9C%E7%9C%8C%20%E5%A4%A7%E5%9E%A3%E5%B8%82%20%E5%A4%A7%E5%9E%A3%E5%B8%82%E8%BC%AA%E4%B8%AD%E7%94%9F%E6%B4%BB%E9%A4%A8,岐阜県,大垣市,大垣市輪中生活館,治水資料館,,,,,,,旧名和邸の住居式・土蔵式の水屋など、水害に備えた建築を観察する。 利用条件：原則土日祝公開・無料。平日は輪中館に相談。水屋・上げ舟等を展示。輪中館とは別所在地。 公的主体：大垣市
公式サイト：https://www.city.motosu.lg.jp/0000001399.html Googleマップ：https://www.google.com/maps/search/?api=1&query=%E5%B2%90%E9%98%9C%E7%9C%8C%20%E6%9C%AC%E5%B7%A3%E5%B8%82%20%E6%A0%B9%E5%B0%BE%E8%B0%B7%E5%9C%B0%E9%9C%87%E6%96%AD%E5%B1%A4%E8%A6%B3%E5%AF%9F%E9%A4%A8,岐阜県,本巣市,根尾谷地震断層観察館,地震科学・震災資料館,,,,,,,館内を横切る根尾谷断層を観察し、濃尾地震の記録を読む。 利用条件：一般見学可・有料。2026年4月から10〜16時。地震体験館は機械メンテナンスで利用休止。 公的主体：本巣市
公式サイト：https://www.pref.shizuoka.jp/bosaikinkyu/sonae/earthquake/bosaicenter/ Googleマップ：https://www.google.com/maps/search/?api=1&query=%E9%9D%99%E5%B2%A1%E7%9C%8C%20%E9%9D%99%E5%B2%A1%E5%B8%82%E8%91%B5%E5%8C%BA%20%E9%9D%99%E5%B2%A1%E7%9C%8C%E5%9C%B0%E9%9C%87%E9%98%B2%E7%81%BD%E3%82%BB%E3%83%B3%E3%82%BF%E3%83%BC,静岡県,静岡市葵区,静岡県地震防災センター,地震防災施設,,,,,,,防災の展示・体験を通して災害時の行動を学ぶ。施設ごとの体験内容と展示の構成を見比べたい。 利用条件：無料。個人の案内不要見学は予約不要。地震体験は予約状況により不可。 公的主体：静岡県
公式サイト：https://www.hamabosai.jp/ Googleマップ：https://www.google.com/maps/search/?api=1&query=%E9%9D%99%E5%B2%A1%E7%9C%8C%20%E6%B5%9C%E6%9D%BE%E5%B8%82%E4%B8%AD%E5%A4%AE%E5%8C%BA%20%E6%B5%9C%E6%9D%BE%E5%B8%82%E9%98%B2%E7%81%BD%E5%AD%A6%E7%BF%92%E3%82%BB%E3%83%B3%E3%82%BF%E3%83%BC%EF%BC%88%E3%81%AF%E3%81%BE%E9%98%B2%EF%BD%9E%E5%AE%B6%EF%BC%89,静岡県,浜松市中央区,浜松市防災学習センター（はま防～家）,防災体験施設,,,,,,,防災の展示・体験を通して災害時の行動を学ぶ。施設ごとの体験内容と展示の構成を見比べたい。 利用条件：一般向け展示・体験・講座。現住所は中央区（旧区名に注意）。 公的主体：浜松市
公式サイト：https://www.city.toyota.aichi.jp/shisei/shisetsu/gakushu/bousaigakushucenter/1005790.html Googleマップ：https://www.google.com/maps/search/?api=1&query=%E6%84%9B%E7%9F%A5%E7%9C%8C%20%E8%B1%8A%E7%94%B0%E5%B8%82%20%E8%B1%8A%E7%94%B0%E5%B8%82%E9%98%B2%E7%81%BD%E5%AD%A6%E7%BF%92%E3%82%BB%E3%83%B3%E3%82%BF%E3%83%BC,愛知県,豊田市,豊田市防災学習センター,防災体験施設,,,,,,,防災の展示・体験を通して災害時の行動を学ぶ。施設ごとの体験内容と展示の構成を見比べたい。 利用条件：個人は自由見学。団体予約中は個人体験不可。10名以上は予約。 公的主体：豊田市
公式サイト：https://www.minato-bousai.jp/ Googleマップ：https://www.google.com/maps/search/?api=1&query=%E6%84%9B%E7%9F%A5%E7%9C%8C%20%E5%90%8D%E5%8F%A4%E5%B1%8B%E5%B8%82%E6%B8%AF%E5%8C%BA%20%E5%90%8D%E5%8F%A4%E5%B1%8B%E5%B8%82%E6%B8%AF%E9%98%B2%E7%81%BD%E3%82%BB%E3%83%B3%E3%82%BF%E3%83%BC,愛知県,名古屋市港区,名古屋市港防災センター,防災体験施設,,,,,,,防災の展示・体験を通して災害時の行動を学ぶ。施設ごとの体験内容と展示の構成を見比べたい。 利用条件：入場・体験無料。伊勢湾台風資料展示あり。 公的主体：名古屋市
公式サイト：https://www.water.go.jp/chubu/nagara/51_plaza/index.html Googleマップ：https://www.google.com/maps/search/?api=1&query=%E4%B8%89%E9%87%8D%E7%9C%8C%20%E6%A1%91%E5%90%8D%E5%B8%82%20%E9%98%B2%E7%81%BD%E8%B3%87%E6%96%99%E9%A4%A8%20%E3%82%A2%E3%82%AF%E3%82%A2%E3%83%97%E3%83%A9%E3%82%B6%E3%81%AA%E3%81%8C%E3%82%89,三重県,桑名市,防災資料館 アクアプラザながら,治水資料館,,,,,,,木曽三川と長良川河口堰の役割を学ぶ防災資料館。平日の訪問候補。 利用条件：一般見学可。2025年4月から平日のみ10〜16時。祝日・年末年始・5月1日休館。 公的主体：独立行政法人水資源機構
公式サイト：https://yokkaichisyoubou.jp/organization/08-2/ Googleマップ：https://www.google.com/maps/search/?api=1&query=%E4%B8%89%E9%87%8D%E7%9C%8C%20%E5%9B%9B%E6%97%A5%E5%B8%82%E5%B8%82%20%E5%9B%9B%E6%97%A5%E5%B8%82%E5%B8%82%E9%98%B2%E7%81%BD%E6%95%99%E8%82%B2%E3%82%BB%E3%83%B3%E3%82%BF%E3%83%BC,三重県,四日市市,四日市市防災教育センター,防災体験施設,,,,,,,防災の展示・体験を通して災害時の行動を学ぶ。施設ごとの体験内容と展示の構成を見比べたい。 利用条件：見学は予約が必要。2024年に北消防署併設施設へリニューアル。 公的主体：四日市市
公式サイト：https://www.kkr.mlit.go.jp/biwako/aquabiwa/access/index.html 公式資料：https://www.kkr.mlit.go.jp/biwako/aquabiwa/aqua/index.html Googleマップ：https://www.google.com/maps/search/?api=1&query=%E6%BB%8B%E8%B3%80%E7%9C%8C%20%E5%A4%A7%E6%B4%A5%E5%B8%82%20%E6%B0%B4%E3%81%AE%E3%82%81%E3%81%90%E3%81%BF%E9%A4%A8%20%E3%82%A2%E3%82%AF%E3%82%A2%E7%90%B5%E7%90%B6,滋賀県,大津市,水のめぐみ館 アクア琵琶,治水資料館,,,,,,,琵琶湖の治水・利水を扱う展示。水管理施設の広報展示を見比べたい。 利用条件：一般見学可・無料。昼休みあり。雨体験室は故障による休止案内あり。 公的主体：国土交通省
公式サイト：https://kyotobousai-c.com/ 公式資料：https://www.city.kyoto.lg.jp/shobo/page/0000356918.html Googleマップ：https://www.google.com/maps/search/?api=1&query=%E4%BA%AC%E9%83%BD%E5%BA%9C%20%E4%BA%AC%E9%83%BD%E5%B8%82%E5%8D%97%E5%8C%BA%20%E4%BA%AC%E9%83%BD%E5%B8%82%E5%B8%82%E6%B0%91%E9%98%B2%E7%81%BD%E3%82%BB%E3%83%B3%E3%82%BF%E3%83%BC,京都府,京都市南区,京都市市民防災センター,防災体験施設,,,,,,,防災の展示・体験を通して災害時の行動を学ぶ。施設ごとの体験内容と展示の構成を見比べたい。 利用条件：一般向け体験案内・体験時間割あり。 公的主体：京都市
公式サイト：https://www.city.fukuchiyama.lg.jp/soshiki/7/64667.html Googleマップ：https://www.google.com/maps/search/?api=1&query=%E4%BA%AC%E9%83%BD%E5%BA%9C%20%E7%A6%8F%E7%9F%A5%E5%B1%B1%E5%B8%82%20%E7%A6%8F%E7%9F%A5%E5%B1%B1%E5%B8%82%E6%B2%BB%E6%B0%B4%E8%A8%98%E5%BF%B5%E9%A4%A8,京都府,福知山市,福知山市治水記念館,治水資料館,,,,,,,水害を経験した町家を活用した記念館。建物と洪水の記録をあわせて見る。 利用条件：一般見学可・無料。休館日の振替に注意。 公的主体：福知山市
公式サイト：https://www.city.sakai.lg.jp/kurashi/bosai/shobo/shokai/bousai_center/index.html Googleマップ：https://www.google.com/maps/search/?api=1&query=%E5%A4%A7%E9%98%AA%E5%BA%9C%20%E5%A0%BA%E5%B8%82%E7%BE%8E%E5%8E%9F%E5%8C%BA%20%E5%A0%BA%E5%B8%82%E7%B7%8F%E5%90%88%E9%98%B2%E7%81%BD%E3%82%BB%E3%83%B3%E3%82%BF%E3%83%BC,大阪府,堺市美原区,堺市総合防災センター,防災体験施設,,,,,,,防災の展示・体験を通して災害時の行動を学ぶ。施設ごとの体験内容と展示の構成を見比べたい。 利用条件：一般向けの防災体験ツアー。無料体験施設として市が案内。 公的主体：堺市
公式サイト：https://www.abeno-bosai-c.city.osaka.jp/tasukaru/ 公式資料：https://www.abeno-bosai-c.city.osaka.jp/tasukaru/events Googleマップ：https://www.google.com/maps/search/?api=1&query=%E5%A4%A7%E9%98%AA%E5%BA%9C%20%E5%A4%A7%E9%98%AA%E5%B8%82%E9%98%BF%E5%80%8D%E9%87%8E%E5%8C%BA%20%E5%A4%A7%E9%98%AA%E5%B8%82%E7%AB%8B%E9%98%BF%E5%80%8D%E9%87%8E%E9%98%B2%E7%81%BD%E3%82%BB%E3%83%B3%E3%82%BF%E3%83%BC%EF%BC%88%E3%81%82%E3%81%B9%E3%81%AE%E3%82%BF%E3%82%B9%E3%82%AB%E3%83%AB%EF%BC%89,大阪府,大阪市阿倍野区,大阪市立阿倍野防災センター（あべのタスカル）,防災体験施設,,,,,,,防災の展示・体験を通して災害時の行動を学ぶ。施設ごとの体験内容と展示の構成を見比べたい。 利用条件：一般向けツアー・予約案内あり。震度7体験は2025年10月〜2027年3月、起震装置更新のため休止。他の体験は実施。 公的主体：大阪市
公式サイト：https://www.pref.osaka.lg.jp/shisetsu/o130350/shisetsu_000073.html Googleマップ：https://www.google.com/maps/search/?api=1&query=%E5%A4%A7%E9%98%AA%E5%BA%9C%20%E5%A4%A7%E9%98%AA%E5%B8%82%E8%A5%BF%E5%8C%BA%20%E6%B4%A5%E6%B3%A2%E3%83%BB%E9%AB%98%E6%BD%AE%E3%82%B9%E3%83%86%E3%83%BC%E3%82%B7%E3%83%A7%E3%83%B3,大阪府,大阪市西区,津波・高潮ステーション,津波・高潮防災施設,,,,,,,大阪の津波・高潮対策を学ぶ展示棟。四面映像のシアターが見学の中心。 利用条件：一般見学できる展示棟。団体は予約案内参照。 公的主体：大阪府
公式サイト：https://www.higashiosaka-bousai.com/ Googleマップ：https://www.google.com/maps/search/?api=1&query=%E5%A4%A7%E9%98%AA%E5%BA%9C%20%E6%9D%B1%E5%A4%A7%E9%98%AA%E5%B8%82%20%E6%9D%B1%E5%A4%A7%E9%98%AA%E5%B8%82%E6%B6%88%E9%98%B2%E5%B1%80%E9%98%B2%E7%81%BD%E5%AD%A6%E7%BF%92%E3%82%BB%E3%83%B3%E3%82%BF%E3%83%BC,大阪府,東大阪市,東大阪市消防局防災学習センター,防災体験施設,,,,,,,防災の展示・体験を通して災害時の行動を学ぶ。施設ごとの体験内容と展示の構成を見比べたい。 利用条件：土日祝は個人も予約必要。貸切日は個人入館不可。 公的主体：東大阪市
公式サイト：https://www.kkr.mlit.go.jp/yodogawa/shisetu/yodo-museum/ Googleマップ：https://www.google.com/maps/search/?api=1&query=%E5%A4%A7%E9%98%AA%E5%BA%9C%20%E6%9E%9A%E6%96%B9%E5%B8%82%20%E6%B7%80%E5%B7%9D%E8%B3%87%E6%96%99%E9%A4%A8,大阪府,枚方市,淀川資料館,治水資料館,,,,,,,淀川の治水資料を見学する。所蔵資料の閲覧希望は事前に問い合わせたい。 利用条件：無料。一般展示。所蔵資料閲覧は平日の開館時間中に事前問い合わせ。 公的主体：国土交通省
公式サイト：https://www.dri.ne.jp/guide/ Googleマップ：https://www.google.com/maps/search/?api=1&query=%E5%85%B5%E5%BA%AB%E7%9C%8C%20%E7%A5%9E%E6%88%B8%E5%B8%82%E4%B8%AD%E5%A4%AE%E5%8C%BA%20%E9%98%AA%E7%A5%9E%E3%83%BB%E6%B7%A1%E8%B7%AF%E5%A4%A7%E9%9C%87%E7%81%BD%E8%A8%98%E5%BF%B5%20%E4%BA%BA%E3%81%A8%E9%98%B2%E7%81%BD%E6%9C%AA%E6%9D%A5%E3%82%BB%E3%83%B3%E3%82%BF%E3%83%BC,兵庫県,神戸市中央区,阪神・淡路大震災記念 人と防災未来センター,震災伝承館・防災体験施設,,,,,,,地域に残された災害の記録を読み、避難と復興の教訓を学ぶ訪問先。 利用条件：一般観覧案内あり。有料展示と無料ゾーンあり。 公的主体：兵庫県
公式サイト：https://www.nojima-danso.co.jp/ Googleマップ：https://www.google.com/maps/search/?api=1&query=%E5%85%B5%E5%BA%AB%E7%9C%8C%20%E6%B7%A1%E8%B7%AF%E5%B8%82%20%E5%8C%97%E6%B7%A1%E9%9C%87%E7%81%BD%E8%A8%98%E5%BF%B5%E5%85%AC%E5%9C%92%20%E9%87%8E%E5%B3%B6%E6%96%AD%E5%B1%A4%E4%BF%9D%E5%AD%98%E9%A4%A8,兵庫県,淡路市,北淡震災記念公園 野島断層保存館,地震・震災伝承館,,,,,,,保存された断層そのものを観察する、現地保存型の地震展示。 利用条件：予約なしでも入館可。断層保存展示。 公的主体：淡路市
公式サイト：https://www.city.amagasaki.hyogo.jp/manabu/kanko/spots/1040981.html Googleマップ：https://www.google.com/maps/search/?api=1&query=%E5%85%B5%E5%BA%AB%E7%9C%8C%20%E5%B0%BC%E5%B4%8E%E5%B8%82%20%E5%B0%BC%E5%B4%8E%E5%B8%82%E9%98%B2%E7%81%BD%E3%82%BB%E3%83%B3%E3%82%BF%E3%83%BC,兵庫県,尼崎市,尼崎市防災センター,防災体験施設,,,,,,,防災の展示・体験を通して災害時の行動を学ぶ。施設ごとの体験内容と展示の構成を見比べたい。 利用条件：1階展示ホールは申込不要で自由見学可。体験は事前問い合わせ。 公的主体：尼崎市
公式サイト：https://www.town.hirogawa.wakayama.jp/inamuranohi/ Googleマップ：https://www.google.com/maps/search/?api=1&query=%E5%92%8C%E6%AD%8C%E5%B1%B1%E7%9C%8C%20%E5%BA%83%E5%B7%9D%E7%94%BA%20%E7%A8%B2%E3%82%80%E3%82%89%E3%81%AE%E7%81%AB%E3%81%AE%E9%A4%A8%EF%BC%88%E6%B4%A5%E6%B3%A2%E9%98%B2%E7%81%BD%E6%95%99%E8%82%B2%E3%82%BB%E3%83%B3%E3%82%BF%E3%83%BC%E3%83%BB%E6%BF%B1%E5%8F%A3%E6%A2%A7%E9%99%B5%E8%A8%98%E5%BF%B5%E9%A4%A8%EF%BC%89,和歌山県,広川町,稲むらの火の館（津波防災教育センター・濱口梧陵記念館）,津波防災施設,,,,,,,津波への備えと濱口梧陵の歴史を、併設する二つの展示施設で学ぶ。 利用条件：一般観覧可。団体見学は事前申込。 公的主体：広川町
公式サイト：https://www.city.wakayama.wakayama.jp/syoubou/bousai_gakusyu/1000182/index.html Googleマップ：https://www.google.com/maps/search/?api=1&query=%E5%92%8C%E6%AD%8C%E5%B1%B1%E7%9C%8C%20%E5%92%8C%E6%AD%8C%E5%B1%B1%E5%B8%82%20%E5%92%8C%E6%AD%8C%E5%B1%B1%E5%B8%82%E6%B6%88%E9%98%B2%E5%B1%80%E9%98%B2%E7%81%BD%E5%AD%A6%E7%BF%92%E3%82%BB%E3%83%B3%E3%82%BF%E3%83%BC,和歌山県,和歌山市,和歌山市消防局防災学習センター,防災体験施設,,,,,,,防災の展示・体験を通して災害時の行動を学ぶ。施設ごとの体験内容と展示の構成を見比べたい。 利用条件：10名未満は申込不要・無料。10名以上は事前予約。2025年3月リニューアル。 公的主体：和歌山市
公式サイト：https://www.pref.tottori.lg.jp/32660.htm Googleマップ：https://www.google.com/maps/search/?api=1&query=%E9%B3%A5%E5%8F%96%E7%9C%8C%20%E6%97%A5%E9%87%8E%E7%94%BA%20%E9%B3%A5%E5%8F%96%E7%9C%8C%E8%A5%BF%E9%83%A8%E5%9C%B0%E9%9C%87%E5%B1%95%E7%A4%BA%E4%BA%A4%E6%B5%81%E3%82%BB%E3%83%B3%E3%82%BF%E3%83%BC%EF%BC%88%E3%81%B2%E3%81%AE%E9%98%B2%E7%81%BD%E7%A6%8F%E7%A5%89%E3%82%B3%E3%83%9F%E3%83%A5%E3%83%8B%E3%83%86%E3%82%A3%E3%82%BB%E3%83%B3%E3%82%BF%E3%83%BC%EF%BC%89,鳥取県,日野町,鳥取県西部地震展示交流センター（ひの防災福祉コミュニティセンター）,震災伝承館,,,,,,,西部地震の記録を継承する展示施設。訪問前の受入確認を前提にした候補。 利用条件：町が常設展示を継続している旨を県公式で確認。訪問日時・受入条件は施設へ要問い合わせ。 公的主体：日野町（2021年度に県から継承）
公式サイト：https://www.city.okayama.jp/shisei/0000004386.html Googleマップ：https://www.google.com/maps/search/?api=1&query=%E5%B2%A1%E5%B1%B1%E7%9C%8C%20%E5%B2%A1%E5%B1%B1%E5%B8%82%E5%8C%97%E5%8C%BA%20%E5%B2%A1%E5%B1%B1%E5%B8%82%E8%A5%BF%E6%B6%88%E9%98%B2%E7%BD%B2%20%E6%B6%88%E9%98%B2%E9%98%B2%E7%81%BD%E3%82%BB%E3%83%B3%E3%82%BF%E3%83%BC,岡山県,岡山市北区,岡山市西消防署 消防防災センター,消防資料館・防災体験施設,,,,,,,消防の資料と防災展示を見学し、災害対応の道具や仕組みを知る。 利用条件：市公式FAQで見学可能と明記。詳細は西消防署へ問い合わせ。 公的主体：岡山市
公式サイト：https://www.ebayama.jp/ 公式資料：https://www.ebayama.jp/?p=11996 Googleマップ：https://www.google.com/maps/search/?api=1&query=%E5%BA%83%E5%B3%B6%E7%9C%8C%20%E5%BA%83%E5%B3%B6%E5%B8%82%E4%B8%AD%E5%8C%BA%20%E5%BA%83%E5%B3%B6%E5%B8%82%E6%B1%9F%E6%B3%A2%E5%B1%B1%E6%B0%97%E8%B1%A1%E9%A4%A8,広島県,広島市中区,広島市江波山気象館,気象・風水害学習施設,,,,,,,旧気象台を利用する気象館。突風・雷・台風の展示と建築の両方を見たい。 利用条件：一般観覧可。突風・雷・台風の体験展示。団体見学は事前連絡。 公的主体：広島市
公式サイト：https://www.pref.tokushima.lg.jp/bousai-center/ Googleマップ：https://www.google.com/maps/search/?api=1&query=%E5%BE%B3%E5%B3%B6%E7%9C%8C%20%E5%8C%97%E5%B3%B6%E7%94%BA%20%E5%BE%B3%E5%B3%B6%E7%9C%8C%E7%AB%8B%E9%98%B2%E7%81%BD%E3%82%BB%E3%83%B3%E3%82%BF%E3%83%BC,徳島県,北島町,徳島県立防災センター,防災体験施設,,,,,,,防災の展示・体験を通して災害時の行動を学ぶ。施設ごとの体験内容と展示の構成を見比べたい。 利用条件：一般向け体験・展示。10名以上や車いすでの地震体験は予約制。 公的主体：徳島県
公式サイト：https://www.pref.kagawa.lg.jp/kikikanri/bousai/bousaisenta-.html Googleマップ：https://www.google.com/maps/search/?api=1&query=%E9%A6%99%E5%B7%9D%E7%9C%8C%20%E9%AB%98%E6%9D%BE%E5%B8%82%20%E9%A6%99%E5%B7%9D%E7%9C%8C%E9%98%B2%E7%81%BD%E3%82%BB%E3%83%B3%E3%82%BF%E3%83%BC,香川県,高松市,香川県防災センター,防災体験施設,,,,,,,防災の展示・体験を通して災害時の行動を学ぶ。施設ごとの体験内容と展示の構成を見比べたい。 利用条件：電話で空き状況確認・事前予約。団体は30名まで。 公的主体：香川県
公式サイト：https://www.city.shikokuchuo.ehime.jp/site/shobo/4032.html Googleマップ：https://www.google.com/maps/search/?api=1&query=%E6%84%9B%E5%AA%9B%E7%9C%8C%20%E5%9B%9B%E5%9B%BD%E4%B8%AD%E5%A4%AE%E5%B8%82%20%E5%9B%9B%E5%9B%BD%E4%B8%AD%E5%A4%AE%E5%B8%82%E6%B6%88%E9%98%B2%E9%98%B2%E7%81%BD%E3%82%BB%E3%83%B3%E3%82%BF%E3%83%BC%20%E9%98%B2%E7%81%BD%E5%AD%A6%E7%BF%92%E3%82%B3%E3%83%BC%E3%83%8A%E3%83%BC,愛媛県,四国中央市,四国中央市消防防災センター 防災学習コーナー,防災体験施設,,,,,,,予約見学で、地震発生から通報・消火・避難などの一連の行動を学ぶ。 利用条件：見学は消防署へ予約し申込書提出。災害時は予約済みでも見学不可の場合あり。 公的主体：四国中央市
公式サイト：https://www.city.muroto.kochi.jp/pages/page1112.php Googleマップ：https://www.google.com/maps/search/?api=1&query=%E9%AB%98%E7%9F%A5%E7%9C%8C%20%E5%AE%A4%E6%88%B8%E5%B8%82%20%E5%AE%A4%E6%88%B8%E4%B8%96%E7%95%8C%E3%82%B8%E3%82%AA%E3%83%91%E3%83%BC%E3%82%AF%E3%82%BB%E3%83%B3%E3%82%BF%E3%83%BC,高知県,室戸市,室戸世界ジオパークセンター,地震・津波学習施設,,,,,,,大地の成り立ちと人の営みを学ぶ拠点。防災企画展は会期を確認したい。 利用条件：一般見学可・無料。地形・地震等の学習施設。防災企画展の実施実績あり。 公的主体：室戸市
公式サイト：https://www.city.fukuoka.lg.jp/syobo/bousai_suishin/bousaicenter/centerinfo.html Googleマップ：https://www.google.com/maps/search/?api=1&query=%E7%A6%8F%E5%B2%A1%E7%9C%8C%20%E7%A6%8F%E5%B2%A1%E5%B8%82%E6%97%A9%E8%89%AF%E5%8C%BA%20%E7%A6%8F%E5%B2%A1%E5%B8%82%E6%B0%91%E9%98%B2%E7%81%BD%E3%82%BB%E3%83%B3%E3%82%BF%E3%83%BC,福岡県,福岡市早良区,福岡市民防災センター,防災体験施設,,,,,,,防災の展示・体験を通して災害時の行動を学ぶ。施設ごとの体験内容と展示の構成を見比べたい。 利用条件：一般向け防災体験コース・来館案内あり。 公的主体：福岡市
公式サイト：https://www.chubu.saga.saga.jp/shobo/about/_2046.html?media=pc Googleマップ：https://www.google.com/maps/search/?api=1&query=%E4%BD%90%E8%B3%80%E7%9C%8C%20%E4%BD%90%E8%B3%80%E5%B8%82%20%E4%BD%90%E8%B3%80%E5%BA%83%E5%9F%9F%E6%B6%88%E9%98%B2%E5%B1%80%20%E9%98%B2%E7%81%BD%E5%AD%A6%E7%BF%92%E5%BA%83%E5%A0%B4,佐賀県,佐賀市,佐賀広域消防局 防災学習広場,防災体験施設,,,,,,,防災の展示・体験を通して災害時の行動を学ぶ。施設ごとの体験内容と展示の構成を見比べたい。 利用条件：開館中は自由見学可。体験は予約制・安全管理上10名まで。 公的主体：佐賀中部広域連合
公式サイト：https://www.city.nagasaki.lg.jp/page/4183.html Googleマップ：https://www.google.com/maps/search/?api=1&query=%E9%95%B7%E5%B4%8E%E7%9C%8C%20%E9%95%B7%E5%B4%8E%E5%B8%82%20%E9%95%B7%E5%B4%8E%E5%B8%82%E9%98%B2%E7%81%BD%E4%BD%93%E9%A8%93%E3%81%B2%E3%82%8D%E3%81%B0,長崎県,長崎市,長崎市防災体験ひろば,防災体験施設,,,,,,,防災の展示・体験を通して災害時の行動を学ぶ。施設ごとの体験内容と展示の構成を見比べたい。 利用条件：一般向け防災展示・体験施設。長崎大水害の記録展示あり。 公的主体：長崎市
公式サイト：https://udmh.jp/ Googleマップ：https://www.google.com/maps/search/?api=1&query=%E9%95%B7%E5%B4%8E%E7%9C%8C%20%E5%B3%B6%E5%8E%9F%E5%B8%82%20%E9%9B%B2%E4%BB%99%E5%B2%B3%E7%81%BD%E5%AE%B3%E8%A8%98%E5%BF%B5%E9%A4%A8%EF%BC%88%E3%81%8C%E3%81%BE%E3%81%A0%E3%81%99%E3%83%89%E3%83%BC%E3%83%A0%EF%BC%89,長崎県,島原市,雲仙岳災害記念館（がまだすドーム）,火山防災施設,,,,,,,雲仙普賢岳の噴火災害と火山科学、防災の展示をまとめて見学する。 利用条件：一般観覧可。噴火災害・火山科学・備えを展示。 公的主体：長崎県
公式サイト：https://www.mlit.go.jp/sogoseisaku/region/infratourism/infralist/nagasaki/index01.html Googleマップ：https://www.google.com/maps/search/?api=1&query=%E9%95%B7%E5%B4%8E%E7%9C%8C%20%E5%8D%97%E5%B3%B6%E5%8E%9F%E5%B8%82%20%E5%A4%A7%E9%87%8E%E6%9C%A8%E5%A0%B4%E7%A0%82%E9%98%B2%E3%81%BF%E3%82%89%E3%81%84%E9%A4%A8%EF%BC%88%E5%A4%A7%E9%87%8E%E6%9C%A8%E5%A0%B4%E7%9B%A3%E8%A6%96%E6%89%80%EF%BC%89,長崎県,南島原市,大野木場砂防みらい館（大野木場監視所）,砂防・火山防災資料館,,,,,,,火山監視・砂防を解説する一般公開施設。周辺遺構と併せたガイド見学も候補。 利用条件：平常時は一般開放。旧大野木場小とのガイド見学は要予約。 公的主体：国土交通省
公式サイト：https://www.city.kumamoto.jp/kiji00350230/index.html Googleマップ：https://www.google.com/maps/search/?api=1&query=%E7%86%8A%E6%9C%AC%E7%9C%8C%20%E7%86%8A%E6%9C%AC%E5%B8%82%E4%B8%AD%E5%A4%AE%E5%8C%BA%20%E7%86%8A%E6%9C%AC%E5%B8%82%E5%BA%83%E5%9F%9F%E9%98%B2%E7%81%BD%E3%82%BB%E3%83%B3%E3%82%BF%E3%83%BC,熊本県,熊本市中央区,熊本市広域防災センター,防災体験施設,,,,,,,防災の展示・体験を通して災害時の行動を学ぶ。施設ごとの体験内容と展示の構成を見比べたい。 利用条件：無料。展示は自由見学。職員説明付き体験は電話予約。2026年8月10日から開館との告知。 公的主体：熊本市
公式サイト：https://kumamotojishin-museum.com/kioku/contents/ Googleマップ：https://www.google.com/maps/search/?api=1&query=%E7%86%8A%E6%9C%AC%E7%9C%8C%20%E5%8D%97%E9%98%BF%E8%98%87%E6%9D%91%20%E7%86%8A%E6%9C%AC%E5%9C%B0%E9%9C%87%E9%9C%87%E7%81%BD%E3%83%9F%E3%83%A5%E3%83%BC%E3%82%B8%E3%82%A2%E3%83%A0%20KIOKU,熊本県,南阿蘇村,熊本地震震災ミュージアム KIOKU,震災伝承館,,,,,,,熊本地震の展示と震災遺構を一体で見学する伝承拠点。 利用条件：一般観覧可。有料展示施設と震災遺構を一体案内。 公的主体：熊本県
公式サイト：https://www.city.oita.oita.jp/o165/machizukuri/kanri/1117412572341.html Googleマップ：https://www.google.com/maps/search/?api=1&query=%E5%A4%A7%E5%88%86%E7%9C%8C%20%E5%A4%A7%E5%88%86%E5%B8%82%20%E5%A4%A7%E5%88%86%E5%B8%82%E5%A4%A7%E9%87%8E%E5%B7%9D%E9%98%B2%E7%81%BD%E3%82%BB%E3%83%B3%E3%82%BF%E3%83%BC,大分県,大分市,大分市大野川防災センター,治水・防災学習施設,,,,,,,災害時の対策拠点を事前連絡のうえ見学し、防災啓発の映像・パネルを見る。 利用条件：見学は希望日時と人数を市に連絡。原則平日10〜15時。自由入館とは異なる。 公的主体：大分市
公式サイト：https://kagoshimabousai.jp/guide/ Googleマップ：https://www.google.com/maps/search/?api=1&query=%E9%B9%BF%E5%85%90%E5%B3%B6%E7%9C%8C%20%E5%A7%B6%E8%89%AF%E5%B8%82%20%E9%B9%BF%E5%85%90%E5%B3%B6%E7%9C%8C%E9%98%B2%E7%81%BD%E7%A0%94%E4%BF%AE%E3%82%BB%E3%83%B3%E3%82%BF%E3%83%BC,鹿児島県,姶良市,鹿児島県防災研修センター,防災体験施設,,,,,,,防災の展示・体験を通して災害時の行動を学ぶ。施設ごとの体験内容と展示の構成を見比べたい。 利用条件：自由見学可。展示説明・体験研修は事前申込。 公的主体：鹿児島県
公式サイト：https://visitor.sakurajima.gr.jp/ Googleマップ：https://www.google.com/maps/search/?api=1&query=%E9%B9%BF%E5%85%90%E5%B3%B6%E7%9C%8C%20%E9%B9%BF%E5%85%90%E5%B3%B6%E5%B8%82%20%E6%A1%9C%E5%B3%B6%E3%83%93%E3%82%B8%E3%82%BF%E3%83%BC%E3%82%BB%E3%83%B3%E3%82%BF%E3%83%BC,鹿児島県,鹿児島市,桜島ビジターセンター,火山防災施設,,,,,,,桜島の噴火活動や火山の仕組みを学ぶ、火山見学の入口となる施設。 利用条件：一般展示・噴火活動情報を提供。 公的主体：鹿児島市
