都道府県,市区町村,店舗名・施設名,分類,関連リンク1タイトル,関連リンク1URL,関連リンク2タイトル,関連リンク2URL,関連リンク3タイトル,関連リンク3URL,説明・狙い目,公式サイト,Googleマップ
東京都,江東区,GUNDAM Café ダイバーシティ東京プラザ店,カフェ・アニメ文化,,,,,,,"特徴・説明：ガンダム立像の近くで営業していた公式カフェ。立像自体とは別項目。
旧所在地：東京都江東区青海・ダイバーシティ東京プラザ内
開業年：2012年（竣工・移転等の扱いは特徴・説明参照）
消滅年：2022年
消滅種別：閉店
現在の状態：2022年1月30日営業終了。
資料URL：https://www.gundam.info/news/hot-topics/01_6811.html | https://www.timeout.jp/tokyo/ja/news/all-gundam-cafes-in-japan-will-be-closing-by-early-2022-110421
Googleマップ検索用名称：GUNDAM Café ダイバーシティ東京プラザ店 東京都江東区",https://www.gundam.info/news/hot-topics/01_6811.html,https://www.google.com/maps/search/?api=1&query=GUNDAM%20Caf%C3%A9%20%E3%83%80%E3%82%A4%E3%83%90%E3%83%BC%E3%82%B7%E3%83%86%E3%82%A3%E6%9D%B1%E4%BA%AC%E3%83%97%E3%83%A9%E3%82%B6%E5%BA%97%20%E6%9D%B1%E4%BA%AC%E9%83%BD%E6%B1%9F%E6%9D%B1%E5%8C%BA
東京都,江東区,Zepp Tokyo,ライブハウス,,,,,,,"特徴・説明：お台場の大規模ライブハウス。2022年1月1日営業終了。
旧所在地：東京都江東区青海・パレットタウン内
開業年：1999年（竣工・移転等の扱いは特徴・説明参照）
消滅年：2022年
消滅種別：閉館
現在の状態：当該会場は営業終了。Zepp DiverCity等とは別施設。
資料URL：https://www.zepp.co.jp/news/4586/ | https://www.watch.impress.co.jp/docs/topic/1375576.html
Googleマップ検索用名称：Zepp Tokyo 東京都江東区",https://www.zepp.co.jp/news/4586/,https://www.google.com/maps/search/?api=1&query=Zepp%20Tokyo%20%E6%9D%B1%E4%BA%AC%E9%83%BD%E6%B1%9F%E6%9D%B1%E5%8C%BA
東京都,江東区,STUDIO COAST（USEN STUDIO COAST）,ライブハウス・クラブ,,,,,,,"特徴・説明：ライブとクラブイベントageHaの会場。借地契約満了に伴い営業終了。
旧所在地：東京都江東区新木場2-2-10
開業年：2002年（竣工・移転等の扱いは特徴・説明参照）
消滅年：2022年
消滅種別：閉館
現在の状態：新木場の施設は閉館。ageHaというイベント名の継続とは区別。
資料URL：https://prtimes.jp/main/html/rd/p/000000011.000049856.html | https://www.timeout.jp/tokyo/ja/news/studio-coast-closed-081221 | https://www.livewalker.com/web/detail/8952
Googleマップ検索用名称：STUDIO COAST（USEN STUDIO COAST） 東京都江東区",,https://www.google.com/maps/search/?api=1&query=STUDIO%20COAST%EF%BC%88USEN%20STUDIO%20COAST%EF%BC%89%20%E6%9D%B1%E4%BA%AC%E9%83%BD%E6%B1%9F%E6%9D%B1%E5%8C%BA
東京都,江東区,東京お台場 大江戸温泉物語,温浴・テーマ施設,,,,,,,"特徴・説明：江戸の街並みを演出した温浴テーマ施設。2021年9月5日終了。
旧所在地：東京都江東区青海2-6-3
開業年：未確認（竣工・移転等の扱いは特徴・説明参照）
消滅年：2021年
消滅種別：閉館
現在の状態：当該お台場施設は閉館。ほかの同社施設とは区別。
資料URL：https://www.atpress.ne.jp/news/1078707 | https://www.city.koto.lg.jp/650102/documents/03100612.pdf
Googleマップ検索用名称：東京お台場 大江戸温泉物語 東京都江東区",,https://www.google.com/maps/search/?api=1&query=%E6%9D%B1%E4%BA%AC%E3%81%8A%E5%8F%B0%E5%A0%B4%20%E5%A4%A7%E6%B1%9F%E6%88%B8%E6%B8%A9%E6%B3%89%E7%89%A9%E8%AA%9E%20%E6%9D%B1%E4%BA%AC%E9%83%BD%E6%B1%9F%E6%9D%B1%E5%8C%BA
東京都,江東区,パレットタウン大観覧車,観覧車・展望施設,,,,,,,"特徴・説明：お台場のランドマークとなった高さ115mの観覧車。2022年8月31日終了。
旧所在地：東京都江東区青海1-3-10
開業年：1999年（竣工・移転等の扱いは特徴・説明参照）
消滅年：2022年
消滅種別：営業終了
現在の状態：営業終了。消滅年は解体完了年ではなく運行終了年。
資料URL：https://prtimes.jp/main/html/rd/p/000000001.000105631.html | https://sanoyasrides.com/?p=919
Googleマップ検索用名称：パレットタウン大観覧車 東京都江東区",,https://www.google.com/maps/search/?api=1&query=%E3%83%91%E3%83%AC%E3%83%83%E3%83%88%E3%82%BF%E3%82%A6%E3%83%B3%E5%A4%A7%E8%A6%B3%E8%A6%A7%E8%BB%8A%20%E6%9D%B1%E4%BA%AC%E9%83%BD%E6%B1%9F%E6%9D%B1%E5%8C%BA
東京都,江東区,MEGA WEB,企業展示施設,,,,,,,"特徴・説明：トヨタの展示・試乗を組み合わせた体験型施設。2021年12月31日閉館。
旧所在地：東京都江東区青海1-3-12
開業年：1999年（竣工・移転等の扱いは特徴・説明参照）
消滅年：2021年
消滅種別：閉館
現在の状態：閉館をトヨタ公式サイトで確認。
資料URL：https://global.toyota/en/company/profile/museums/megaweb.html | https://global.toyota/jp/newsroom/corporate/35693291.html | https://www.watch.impress.co.jp/docs/topic/1375576.html | https://global.toyota/pages/global_toyota/sustainability/esg/social-contribution/citizenship_all.pdf
Googleマップ検索用名称：MEGA WEB 東京都江東区",https://global.toyota/jp/newsroom/corporate/35693291.html,https://www.google.com/maps/search/?api=1&query=MEGA%20WEB%20%E6%9D%B1%E4%BA%AC%E9%83%BD%E6%B1%9F%E6%9D%B1%E5%8C%BA
東京都,江東区,ヴィーナスフォート,商業施設,,,,,,,"特徴・説明：中世ヨーロッパ風の屋内街路を持つ商業施設。2022年3月27日終了。
旧所在地：東京都江東区青海・パレットタウン内
開業年：1999年（竣工・移転等の扱いは特徴・説明参照）
消滅年：2022年
消滅種別：閉館
現在の状態：ヴィーナスフォートとしての営業終了。後継施設の開閉とは区別。
資料URL：https://www.mori.co.jp/press/release/22venusfort_thankful_carnival/ | https://www.watch.impress.co.jp/docs/topic/1375576.html
Googleマップ検索用名称：ヴィーナスフォート 東京都江東区",https://www.mori.co.jp/press/release/22venusfort_thankful_carnival/,https://www.google.com/maps/search/?api=1&query=%E3%83%B4%E3%82%A3%E3%83%BC%E3%83%8A%E3%82%B9%E3%83%95%E3%82%A9%E3%83%BC%E3%83%88%20%E6%9D%B1%E4%BA%AC%E9%83%BD%E6%B1%9F%E6%9D%B1%E5%8C%BA
東京都,港区,ニコファーレ,ネット文化・ライブ施設,,,,,,,"特徴・説明：映像設備とネット配信を組み合わせたイベント会場。
旧所在地：東京都港区六本木7-14-23 セントラム六本木ビル地下1階
開業年：2011年（竣工・移転等の扱いは特徴・説明参照）
消滅年：2019年
消滅種別：閉館・機能移転
現在の状態：2019年7月末営業終了。
資料URL：https://www.livewalker.com/web/detail/9952 | https://game.watch.impress.co.jp/docs/news/1197463.html
Googleマップ検索用名称：ニコファーレ 東京都港区",,https://www.google.com/maps/search/?api=1&query=%E3%83%8B%E3%82%B3%E3%83%95%E3%82%A1%E3%83%BC%E3%83%AC%20%E6%9D%B1%E4%BA%AC%E9%83%BD%E6%B8%AF%E5%8C%BA
東京都,港区,ホテルオークラ東京 旧本館,ホテル,,,,,,,"特徴・説明：谷口吉郎らによる和の意匠で知られた本館。2015年8月に営業終了。
旧所在地：東京都港区虎ノ門2-10-4
開業年：1962年（竣工・移転等の扱いは特徴・説明参照）
消滅年：2015年
消滅種別：営業終了・建替え
現在の状態：旧本館は建替え。2019年の新施設とは区別して収録。
資料URL：https://www.okura.com/jp/news/pdf/2569_ext_02_0.pdf | https://theokuratokyo.jp/wp-content/uploads/2025/10/factbook-ja.pdf | https://www-s.jp.toto.com/com-et/jirei/2113/pdf/2113.pdf | https://prtimes.jp/main/html/rd/p/000000370.000005118.html
Googleマップ検索用名称：ホテルオークラ東京 旧本館 東京都港区",https://www.okura.com/jp/news/pdf/2569_ext_02_0.pdf,https://www.google.com/maps/search/?api=1&query=%E3%83%9B%E3%83%86%E3%83%AB%E3%82%AA%E3%83%BC%E3%82%AF%E3%83%A9%E6%9D%B1%E4%BA%AC%20%E6%97%A7%E6%9C%AC%E9%A4%A8%20%E6%9D%B1%E4%BA%AC%E9%83%BD%E6%B8%AF%E5%8C%BA
東京都,港区,マイナビBLITZ赤坂（2代目・音楽会場時代）,ライブハウス,,,,,,,"特徴・説明：音楽ライブ会場としてのBLITZ。初代施設と区別。
旧所在地：東京都港区赤坂・赤坂サカス内
開業年：未確認（竣工・移転等の扱いは特徴・説明参照）
消滅年：2020年
消滅種別：閉館・用途変更
現在の状態：ライブ会場として閉館し、観覧機能付きスタジオへ転用。
資料URL：https://www.nikkansports.com/entertainment/news/202005020000220.html | https://www.tbs.co.jp/akasaka_entertainmentcity/
Googleマップ検索用名称：マイナビBLITZ赤坂（2代目・音楽会場時代） 東京都港区",,https://www.google.com/maps/search/?api=1&query=%E3%83%9E%E3%82%A4%E3%83%8A%E3%83%93BLITZ%E8%B5%A4%E5%9D%82%EF%BC%882%E4%BB%A3%E7%9B%AE%E3%83%BB%E9%9F%B3%E6%A5%BD%E4%BC%9A%E5%A0%B4%E6%99%82%E4%BB%A3%EF%BC%89%20%E6%9D%B1%E4%BA%AC%E9%83%BD%E6%B8%AF%E5%8C%BA
東京都,港区,東京ワンピースタワー,屋内テーマパーク,,,,,,,"特徴・説明：漫画・アニメONE PIECEの常設テーマ施設。2020年7月31日終了。
旧所在地：東京都港区芝公園・東京タワー内
開業年：2015年（竣工・移転等の扱いは特徴・説明参照）
消滅年：2020年
消滅種別：閉園
現在の状態：常設施設は閉園。
資料URL：https://one-piece.com/news/o20200704_11163/index.html | https://one-piece.com/news/o20200709_11187/index.html
Googleマップ検索用名称：東京ワンピースタワー 東京都港区",https://one-piece.com/news/o20200704_11163/index.html,https://www.google.com/maps/search/?api=1&query=%E6%9D%B1%E4%BA%AC%E3%83%AF%E3%83%B3%E3%83%94%E3%83%BC%E3%82%B9%E3%82%BF%E3%83%AF%E3%83%BC%20%E6%9D%B1%E4%BA%AC%E9%83%BD%E6%B8%AF%E5%8C%BA
東京都,港区,青山ベルコモンズ,建築・商業施設,,,,,,,"特徴・説明：吹き抜けを持つ青山のファッションビル。
旧所在地：東京都港区北青山2-14-6
開業年：1976年（竣工・移転等の扱いは特徴・説明参照）
消滅年：2014年
消滅種別：閉館
現在の状態：2014年に閉館。
資料URL：https://www.tamabi.ac.jp/kankyou/kishimoto/tokyo/47_bellcomons/47_bellcomons.htm | https://aoyama-gaienmae.or.jp/wp-content/uploads/2022/12/kinenshi_60.pdf
Googleマップ検索用名称：青山ベルコモンズ 東京都港区",,https://www.google.com/maps/search/?api=1&query=%E9%9D%92%E5%B1%B1%E3%83%99%E3%83%AB%E3%82%B3%E3%83%A2%E3%83%B3%E3%82%BA%20%E6%9D%B1%E4%BA%AC%E9%83%BD%E6%B8%AF%E5%8C%BA
東京都,港区,青山ブックセンター六本木店,書店,,,,,,,"特徴・説明：デザイン書や画集で知られた青山ブックセンターの1号店。
旧所在地：東京都港区六本木（番地未確認）
開業年：1980年（竣工・移転等の扱いは特徴・説明参照）
消滅年：2018年
消滅種別：閉店・統合
現在の状態：六本木店は閉店。本店に統合。
資料URL：https://www.itmedia.co.jp/news/spv/1805/07/news089.html
Googleマップ検索用名称：青山ブックセンター六本木店 東京都港区",,https://www.google.com/maps/search/?api=1&query=%E9%9D%92%E5%B1%B1%E3%83%96%E3%83%83%E3%82%AF%E3%82%BB%E3%83%B3%E3%82%BF%E3%83%BC%E5%85%AD%E6%9C%AC%E6%9C%A8%E5%BA%97%20%E6%9D%B1%E4%BA%AC%E9%83%BD%E6%B8%AF%E5%8C%BA
東京都,港区,東京タワー水族館,水族館,,,,,,,"特徴・説明：東京タワー内で営業した水族館。タワー全体の閉鎖ではない。
旧所在地：東京都港区芝公園4-2-8 東京タワー1階
開業年：1978年（竣工・移転等の扱いは特徴・説明参照）
消滅年：2018年
消滅種別：閉館
現在の状態：水族館は閉館。
資料URL：https://www.tsr-net.co.jp/data/detail/1189230_1527.html | https://final-access.jp/12399?doing_wp_cron=1787217260.9769001007080078125000
Googleマップ検索用名称：東京タワー水族館 東京都港区",,https://www.google.com/maps/search/?api=1&query=%E6%9D%B1%E4%BA%AC%E3%82%BF%E3%83%AF%E3%83%BC%E6%B0%B4%E6%97%8F%E9%A4%A8%20%E6%9D%B1%E4%BA%AC%E9%83%BD%E6%B8%AF%E5%8C%BA
東京都,港区,世界貿易センタービル 展望台シーサイドトップ,展望施設,,,,,,,"特徴・説明：東京タワーや湾岸を望めた高層展望台。2021年1月31日終了。
旧所在地：東京都港区浜松町駅前・旧世界貿易センタービル40階
開業年：未確認（竣工・移転等の扱いは特徴・説明参照）
消滅年：2021年
消滅種別：閉館・建替え
現在の状態：旧展望台は閉鎖。旧ビルの再開発に伴うもの。
資料URL：https://toshoken.com/news/21378
Googleマップ検索用名称：世界貿易センタービル 展望台シーサイドトップ 東京都港区",,https://www.google.com/maps/search/?api=1&query=%E4%B8%96%E7%95%8C%E8%B2%BF%E6%98%93%E3%82%BB%E3%83%B3%E3%82%BF%E3%83%BC%E3%83%93%E3%83%AB%20%E5%B1%95%E6%9C%9B%E5%8F%B0%E3%82%B7%E3%83%BC%E3%82%B5%E3%82%A4%E3%83%89%E3%83%88%E3%83%83%E3%83%97%20%E6%9D%B1%E4%BA%AC%E9%83%BD%E6%B8%AF%E5%8C%BA
東京都,港区,東京タワー蝋人形館,博物館・展示施設,,,,,,,"特徴・説明：人物の蝋人形を展示したタワー内の施設。2013年9月1日終了。
旧所在地：東京都港区芝公園・東京タワーフットタウン3階
開業年：未確認（竣工・移転等の扱いは特徴・説明参照）
消滅年：2013年
消滅種別：閉館
現在の状態：蝋人形館は閉館。タワー本体とは別。
資料URL：https://towerup.themedia.jp/posts/423838/ | https://tabikan.jp/spot.php?s=2540
Googleマップ検索用名称：東京タワー蝋人形館 東京都港区",,https://www.google.com/maps/search/?api=1&query=%E6%9D%B1%E4%BA%AC%E3%82%BF%E3%83%AF%E3%83%BC%E8%9D%8B%E4%BA%BA%E5%BD%A2%E9%A4%A8%20%E6%9D%B1%E4%BA%AC%E9%83%BD%E6%B8%AF%E5%8C%BA
東京都,荒川区,東京スタジアム（南千住）,スポーツ施設,,,,,,,"特徴・説明：光の球場と呼ばれた下町のプロ野球場。調布市の東京スタジアムとは別。
旧所在地：東京都荒川区南千住（番地未確認）
開業年：1962年（竣工・移転等の扱いは特徴・説明参照）
消滅年：1972年
消滅種別：閉場
現在の状態：旧球場は閉鎖。NPBの史跡紹介に記録。
資料URL：https://npb.jp/archives/japanesebaseball150th/sights/detail026.html
Googleマップ検索用名称：東京スタジアム（南千住） 東京都荒川区",,https://www.google.com/maps/search/?api=1&query=%E6%9D%B1%E4%BA%AC%E3%82%B9%E3%82%BF%E3%82%B8%E3%82%A2%E3%83%A0%EF%BC%88%E5%8D%97%E5%8D%83%E4%BD%8F%EF%BC%89%20%E6%9D%B1%E4%BA%AC%E9%83%BD%E8%8D%92%E5%B7%9D%E5%8C%BA
東京都,渋谷区,渋谷会館モナコ,ゲームセンター,,,,,,,"特徴・説明：センター街で長く親しまれたゲームセンター。2013年8月18日営業終了。
旧所在地：東京都渋谷区宇田川町・センター街（番地未確認）
開業年：未確認（竣工・移転等の扱いは特徴・説明参照）
消滅年：2013年
消滅種別：閉店
現在の状態：閉店。
資料URL：https://rocketnews24.com/2013/08/12/358801/
Googleマップ検索用名称：渋谷会館モナコ 東京都渋谷区",,https://www.google.com/maps/search/?api=1&query=%E6%B8%8B%E8%B0%B7%E4%BC%9A%E9%A4%A8%E3%83%A2%E3%83%8A%E3%82%B3%20%E6%9D%B1%E4%BA%AC%E9%83%BD%E6%B8%8B%E8%B0%B7%E5%8C%BA
東京都,渋谷区,東京体育館（1956年完成の旧館）,スポーツ施設,,,,,,,"特徴・説明：戦後に建設された旧体育館。1986年12月に全面改築着工。
旧所在地：東京都渋谷区千駄ケ谷（番地未確認）
開業年：1956年（竣工・移転等の扱いは特徴・説明参照）
消滅年：1986年
消滅種別：建替え
現在の状態：現在の体育館へ建替え。旧館での観戦空間は消滅。
資料URL：https://www.tef.or.jp/tmg/history.html
Googleマップ検索用名称：東京体育館（1956年完成の旧館） 東京都渋谷区",https://www.tef.or.jp/tmg/history.html,https://www.google.com/maps/search/?api=1&query=%E6%9D%B1%E4%BA%AC%E4%BD%93%E8%82%B2%E9%A4%A8%EF%BC%881956%E5%B9%B4%E5%AE%8C%E6%88%90%E3%81%AE%E6%97%A7%E9%A4%A8%EF%BC%89%20%E6%9D%B1%E4%BA%AC%E9%83%BD%E6%B8%8B%E8%B0%B7%E5%8C%BA
東京都,渋谷区,天文博物館 五島プラネタリウム,プラネタリウム,,,,,,,"特徴・説明：渋谷の天文教育拠点。2001年3月11日が最終投影。
旧所在地：東京都渋谷区渋谷駅東口・東急文化会館内
開業年：1957年（竣工・移転等の扱いは特徴・説明参照）
消滅年：2001年
消滅種別：閉館
現在の状態：旧施設は閉館。投影機は別施設で保存展示。
資料URL：https://www.tokyu.co.jp/area/shibuya/article/arti-01KGZVF7MVYMMBNTSKYQ9XV6VT/ | https://www.itmedia.co.jp/news/bursts/0102/28/goto.html
Googleマップ検索用名称：天文博物館 五島プラネタリウム 東京都渋谷区",https://www.tokyu.co.jp/area/shibuya/article/arti-01KGZVF7MVYMMBNTSKYQ9XV6VT/,https://www.google.com/maps/search/?api=1&query=%E5%A4%A9%E6%96%87%E5%8D%9A%E7%89%A9%E9%A4%A8%20%E4%BA%94%E5%B3%B6%E3%83%97%E3%83%A9%E3%83%8D%E3%82%BF%E3%83%AA%E3%82%A6%E3%83%A0%20%E6%9D%B1%E4%BA%AC%E9%83%BD%E6%B8%8B%E8%B0%B7%E5%8C%BA
東京都,渋谷区,SHIBUYA-AX,ライブハウス,,,,,,,"特徴・説明：大型のスタンディング公演会場。2014年5月31日営業終了。
旧所在地：東京都渋谷区神南2-1-1
開業年：2000年（竣工・移転等の扱いは特徴・説明参照）
消滅年：2014年
消滅種別：閉館
現在の状態：営業終了を公式サイトで確認。
資料URL：https://www.shibuya-ax.com/info.html | https://en.wikipedia.org/wiki/Shibuya-AX
Googleマップ検索用名称：SHIBUYA-AX 東京都渋谷区",https://www.shibuya-ax.com/info.html,https://www.google.com/maps/search/?api=1&query=SHIBUYA-AX%20%E6%9D%B1%E4%BA%AC%E9%83%BD%E6%B8%8B%E8%B0%B7%E5%8C%BA
東京都,渋谷区,渋谷パンテオン,映画館,,,,,,,"特徴・説明：東京国際ファンタスティック映画祭の会場としても親しまれた大型映画館。
旧所在地：東京都渋谷区渋谷駅東口・東急文化会館内
開業年：1956年（竣工・移転等の扱いは特徴・説明参照）
消滅年：2003年
消滅種別：閉館
現在の状態：東急文化会館とともに2003年6月30日閉館。
資料URL：https://www.shibukei.com/headline/3447/ | https://report.cinematopics.com/archives/23964
Googleマップ検索用名称：渋谷パンテオン 東京都渋谷区",,https://www.google.com/maps/search/?api=1&query=%E6%B8%8B%E8%B0%B7%E3%83%91%E3%83%B3%E3%83%86%E3%82%AA%E3%83%B3%20%E6%9D%B1%E4%BA%AC%E9%83%BD%E6%B8%8B%E8%B0%B7%E5%8C%BA
東京都,渋谷区,NHKスタジオパーク,企業展示施設,,,,,,,"特徴・説明：放送に親しむ体験型施設。休館から再開せず2020年5月11日閉館。
旧所在地：東京都渋谷区神南2-2-1 NHK放送センター内
開業年：未確認（竣工・移転等の扱いは特徴・説明参照）
消滅年：2020年
消滅種別：閉館
現在の状態：閉館。機能の一部は他施設に移転。
資料URL：https://www.nhk-fdn.or.jp/assets/pdf/about/management/jigyouhoukoku_2020.pdf | https://www.nhk-fdn.or.jp/assets/pdf/about/management/2020_jigyou_keikaku.pdf | https://www.museum.or.jp/museum/2176
Googleマップ検索用名称：NHKスタジオパーク 東京都渋谷区",https://www.nhk-fdn.or.jp/assets/pdf/about/management/jigyouhoukoku_2020.pdf,https://www.google.com/maps/search/?api=1&query=NHK%E3%82%B9%E3%82%BF%E3%82%B8%E3%82%AA%E3%83%91%E3%83%BC%E3%82%AF%20%E6%9D%B1%E4%BA%AC%E9%83%BD%E6%B8%8B%E8%B0%B7%E5%8C%BA
東京都,渋谷区,電力館,企業展示施設,,,,,,,"特徴・説明：東京電力の体験型PR施設。震災前のリニューアル案内にも後日閉館の注記。
旧所在地：東京都渋谷区神南1-12-10
開業年：1984年（竣工・移転等の扱いは特徴・説明参照）
消滅年：2011年
消滅種別：閉館
現在の状態：閉館。
資料URL：https://www.tepco.co.jp/cc/press/11021003-j.html | https://kaiten-heiten.com/shibuya-denryokukan/
Googleマップ検索用名称：電力館 東京都渋谷区",https://www.tepco.co.jp/cc/press/11021003-j.html,https://www.google.com/maps/search/?api=1&query=%E9%9B%BB%E5%8A%9B%E9%A4%A8%20%E6%9D%B1%E4%BA%AC%E9%83%BD%E6%B8%8B%E8%B0%B7%E5%8C%BA
東京都,渋谷区,PARCO劇場（建替え前の旧劇場）,劇場,,,,,,,"特徴・説明：旧渋谷PARCO内の劇場空間を対象とする。
旧所在地：東京都渋谷区宇田川町・旧渋谷PARCO内
開業年：未確認（竣工・移転等の扱いは特徴・説明参照）
消滅年：2016年
消滅種別：閉館・建替え
現在の状態：2016年8月7日で旧劇場終了。建替え後の同名劇場とは区別。
資料URL：https://stage.parco.jp/parcotheater-2016/
Googleマップ検索用名称：PARCO劇場（建替え前の旧劇場） 東京都渋谷区",https://stage.parco.jp/parcotheater-2016/,https://www.google.com/maps/search/?api=1&query=PARCO%E5%8A%87%E5%A0%B4%EF%BC%88%E5%BB%BA%E6%9B%BF%E3%81%88%E5%89%8D%E3%81%AE%E6%97%A7%E5%8A%87%E5%A0%B4%EF%BC%89%20%E6%9D%B1%E4%BA%AC%E9%83%BD%E6%B8%8B%E8%B0%B7%E5%8C%BA
東京都,渋谷区,同潤会青山アパートメント,建築・集合住宅,,,,,,,"特徴・説明：震災復興期の集合住宅。後年は小さな店舗も入り、表参道の景観を構成した。竣工年を記載。
旧所在地：東京都渋谷区神宮前4丁目12番周辺
開業年：1927年（竣工・移転等の扱いは特徴・説明参照）
消滅年：2003年
消滅種別：解体・再開発
現在の状態：旧住宅群は再開発。表参道ヒルズの同潤館は再生された部分として区別。
資料URL：https://www.mori.co.jp/projects/omotesandohills/ | https://archive.sumau.com/page_category/parent_information/information/6181.html
Googleマップ検索用名称：同潤会青山アパートメント 東京都渋谷区",https://www.mori.co.jp/projects/omotesandohills/,https://www.google.com/maps/search/?api=1&query=%E5%90%8C%E6%BD%A4%E4%BC%9A%E9%9D%92%E5%B1%B1%E3%82%A2%E3%83%91%E3%83%BC%E3%83%88%E3%83%A1%E3%83%B3%E3%83%88%20%E6%9D%B1%E4%BA%AC%E9%83%BD%E6%B8%8B%E8%B0%B7%E5%8C%BA
東京都,渋谷区,同潤会代官山アパートメント,建築・集合住宅,,,,,,,"特徴・説明：樹木に囲まれた震災復興住宅。竣工年と解体着手年を記載。
旧所在地：東京都渋谷区代官山（旧番地未確認）
開業年：1926年（竣工・移転等の扱いは特徴・説明参照）
消滅年：1996年
消滅種別：解体・再開発
現在の状態：旧アパート群は解体。
資料URL：https://daikanyama.life/?p=9065 | https://search.showakan.go.jp/search/book/detail.php?material_cord=000061952
Googleマップ検索用名称：同潤会代官山アパートメント 東京都渋谷区",,https://www.google.com/maps/search/?api=1&query=%E5%90%8C%E6%BD%A4%E4%BC%9A%E4%BB%A3%E5%AE%98%E5%B1%B1%E3%82%A2%E3%83%91%E3%83%BC%E3%83%88%E3%83%A1%E3%83%B3%E3%83%88%20%E6%9D%B1%E4%BA%AC%E9%83%BD%E6%B8%8B%E8%B0%B7%E5%8C%BA
東京都,渋谷区,こどもの城,児童施設,,,,,,,"特徴・説明：国立総合児童センター。一般来館は2月1日まで、年度末に閉館。
旧所在地：東京都渋谷区神宮前5-53-1
開業年：1985年（竣工・移転等の扱いは特徴・説明参照）
消滅年：2015年
消滅種別：閉館
現在の状態：こどもの城としての運営は終了。
資料URL：https://kodomono-shiro-weblibrary.jp/manual/report/ | https://kodomono-shiro-weblibrary.jp/manual/report/files/report2014.pdf | https://iko-yo.net/facilities/159
Googleマップ検索用名称：こどもの城 東京都渋谷区",https://kodomono-shiro-weblibrary.jp/manual/report/,https://www.google.com/maps/search/?api=1&query=%E3%81%93%E3%81%A9%E3%82%82%E3%81%AE%E5%9F%8E%20%E6%9D%B1%E4%BA%AC%E9%83%BD%E6%B8%8B%E8%B0%B7%E5%8C%BA
東京都,渋谷区,東京都児童会館,児童施設,,,,,,,"特徴・説明：渋谷の大型児童施設。2012年3月の閉館を区立図書館の年表で確認。
旧所在地：東京都渋谷区渋谷1-18-24
開業年：未確認（竣工・移転等の扱いは特徴・説明参照）
消滅年：2012年
消滅種別：閉館
現在の状態：閉館。こどもの城とは別施設。
資料URL：https://www.lib.city.shibuya.tokyo.jp/shibuya/shibuya-history/timeline02/ | https://odekake.info/kanagawa/74_taiken/jidou/jidou.html
Googleマップ検索用名称：東京都児童会館 東京都渋谷区",,https://www.google.com/maps/search/?api=1&query=%E6%9D%B1%E4%BA%AC%E9%83%BD%E5%85%90%E7%AB%A5%E4%BC%9A%E9%A4%A8%20%E6%9D%B1%E4%BA%AC%E9%83%BD%E6%B8%8B%E8%B0%B7%E5%8C%BA
東京都,渋谷区,渋谷PARCO（建替え前のパート1・パート3）,商業施設,,,,,,,"特徴・説明：ファッションと文化の発信拠点。開業年はパート1の年。
旧所在地：東京都渋谷区宇田川町（番地未確認）
開業年：1973年（竣工・移転等の扱いは特徴・説明参照）
消滅年：2016年
消滅種別：閉館・建替え
現在の状態：旧館は建替え。現在の渋谷PARCOとは区別。
資料URL：https://www.parco.co.jp/blog/detail/?id=291 | https://www.parco.co.jp/pdf/jp/store/storage/shibuya_parco_last_sale_.pdf
Googleマップ検索用名称：渋谷PARCO（建替え前のパート1・パート3） 東京都渋谷区",https://www.parco.co.jp/blog/detail/?id=291,https://www.google.com/maps/search/?api=1&query=%E6%B8%8B%E8%B0%B7PARCO%EF%BC%88%E5%BB%BA%E6%9B%BF%E3%81%88%E5%89%8D%E3%81%AE%E3%83%91%E3%83%BC%E3%83%881%E3%83%BB%E3%83%91%E3%83%BC%E3%83%883%EF%BC%89%20%E6%9D%B1%E4%BA%AC%E9%83%BD%E6%B8%8B%E8%B0%B7%E5%8C%BA
東京都,渋谷区,東急プラザ渋谷（2015年閉館の旧館）,商業施設,,,,,,,"特徴・説明：渋谷東急ビルとして開業した旧施設。2015年3月22日閉館。
旧所在地：東京都渋谷区渋谷駅西口側（旧番地未確認）
開業年：1965年（竣工・移転等の扱いは特徴・説明参照）
消滅年：2015年
消滅種別：閉館・建替え
現在の状態：旧館は建替え。後年開業した同名施設とは区別。
資料URL：https://www.tokyu-land.co.jp/news/pdf/392.pdf | https://www.tokyu-fudosan-hd.co.jp/news/companies/pdf/1506.pdf
Googleマップ検索用名称：東急プラザ渋谷（2015年閉館の旧館） 東京都渋谷区",https://www.tokyu-land.co.jp/news/pdf/392.pdf,https://www.google.com/maps/search/?api=1&query=%E6%9D%B1%E6%80%A5%E3%83%97%E3%83%A9%E3%82%B6%E6%B8%8B%E8%B0%B7%EF%BC%882015%E5%B9%B4%E9%96%89%E9%A4%A8%E3%81%AE%E6%97%A7%E9%A4%A8%EF%BC%89%20%E6%9D%B1%E4%BA%AC%E9%83%BD%E6%B8%8B%E8%B0%B7%E5%8C%BA
東京都,渋谷区,たばこと塩の博物館（渋谷旧館）,博物館,,,,,,,"特徴・説明：たばこと塩の文化・歴史を展示した旧館。2013年9月1日まで公開。
旧所在地：東京都渋谷区神南1-16-8
開業年：未確認（竣工・移転等の扱いは特徴・説明参照）
消滅年：2013年
消滅種別：移転
現在の状態：2015年に墨田区横川へ移転・再開。渋谷の旧展示空間を収録。
資料URL：https://www.tabashio.jp/inquiry/press/pdf/news201307.pdf | https://www.tabashio.jp/opening_0425/ | https://www.tabashio.jp/inquiry/press/pdf/news201211.pdf
Googleマップ検索用名称：たばこと塩の博物館（渋谷旧館） 東京都渋谷区",https://www.tabashio.jp/inquiry/press/pdf/news201307.pdf,https://www.google.com/maps/search/?api=1&query=%E3%81%9F%E3%81%B0%E3%81%93%E3%81%A8%E5%A1%A9%E3%81%AE%E5%8D%9A%E7%89%A9%E9%A4%A8%EF%BC%88%E6%B8%8B%E8%B0%B7%E6%97%A7%E9%A4%A8%EF%BC%89%20%E6%9D%B1%E4%BA%AC%E9%83%BD%E6%B8%8B%E8%B0%B7%E5%8C%BA
東京都,渋谷区,東急百貨店東横店,百貨店・商業施設,,,,,,,"特徴・説明：東館は2013年に先行終了、西館・南館は2020年3月31日終了。
旧所在地：東京都渋谷区渋谷駅直結（旧番地未確認）
開業年：未確認（竣工・移転等の扱いは特徴・説明参照）
消滅年：2020年
消滅種別：閉店・建替え
現在の状態：旧百貨店の主要売場は終了。食品売場などの継承先とは区別。
資料URL：https://www.tokyu-dept.co.jp/toyoko/scramble/ | https://www.tokyu.co.jp/history/chapter09_5_3/
Googleマップ検索用名称：東急百貨店東横店 東京都渋谷区",https://www.tokyu.co.jp/history/chapter09_5_3/,https://www.google.com/maps/search/?api=1&query=%E6%9D%B1%E6%80%A5%E7%99%BE%E8%B2%A8%E5%BA%97%E6%9D%B1%E6%A8%AA%E5%BA%97%20%E6%9D%B1%E4%BA%AC%E9%83%BD%E6%B8%8B%E8%B0%B7%E5%8C%BA
東京都,渋谷区,東急百貨店本店,百貨店・商業施設,,,,,,,"特徴・説明：渋谷の百貨店本店。2023年1月31日営業終了。
旧所在地：東京都渋谷区道玄坂2-24-1
開業年：未確認（竣工・移転等の扱いは特徴・説明参照）
消滅年：2023年
消滅種別：閉店・再開発
現在の状態：当該店舗は閉店。
資料URL：https://shibuyadogenzaka.com/?p=572 | https://shibuyadogenzaka.com/?m=202301
Googleマップ検索用名称：東急百貨店本店 東京都渋谷区",,https://www.google.com/maps/search/?api=1&query=%E6%9D%B1%E6%80%A5%E7%99%BE%E8%B2%A8%E5%BA%97%E6%9C%AC%E5%BA%97%20%E6%9D%B1%E4%BA%AC%E9%83%BD%E6%B8%8B%E8%B0%B7%E5%8C%BA
東京都,新宿区,新宿スポーツランド中央口店,ゲームセンター,,,,,,,"特徴・説明：新宿駅中央東口側にあったゲームセンター。本館等とは別店舗。
旧所在地：東京都新宿区新宿3-26-2
開業年：未確認（竣工・移転等の扱いは特徴・説明参照）
消滅年：2007年
消滅種別：閉店
現在の状態：2007年6月12日閉店と業界データベースに記録。
資料URL：https://www.am-net.jp/location/profile.cgi?_v=1159778039
Googleマップ検索用名称：新宿スポーツランド中央口店 東京都新宿区",,https://www.google.com/maps/search/?api=1&query=%E6%96%B0%E5%AE%BF%E3%82%B9%E3%83%9D%E3%83%BC%E3%83%84%E3%83%A9%E3%83%B3%E3%83%89%E4%B8%AD%E5%A4%AE%E5%8F%A3%E5%BA%97%20%E6%9D%B1%E4%BA%AC%E9%83%BD%E6%96%B0%E5%AE%BF%E5%8C%BA
東京都,新宿区,国立霞ヶ丘競技場（旧国立競技場）,スポーツ施設,,,,,,,"特徴・説明：1964年東京大会などの舞台。消滅年は解体完了年で、最終イベントは2014年。
旧所在地：東京都新宿区霞ヶ丘町（旧番地未確認）
開業年：1958年（竣工・移転等の扱いは特徴・説明参照）
消滅年：2015年
消滅種別：解体・建替え
現在の状態：2015年10月に取り壊し完了。現在の国立競技場とは別の建物。
資料URL：https://www.mext.go.jp/sports/b_menu/sports/mcatetop02/list/1371926.htm | https://www.jpnsport.go.jp/kokuritu/Portals/0/kokuritu/kohosi2015/K11-2c.pdf | https://en.wikipedia.org/wiki/National_Stadium_%28Tokyo%29
Googleマップ検索用名称：国立霞ヶ丘競技場（旧国立競技場） 東京都新宿区",https://www.jpnsport.go.jp/kokuritu/Portals/0/kokuritu/kohosi2015/K11-2c.pdf,https://www.google.com/maps/search/?api=1&query=%E5%9B%BD%E7%AB%8B%E9%9C%9E%E3%83%B6%E4%B8%98%E7%AB%B6%E6%8A%80%E5%A0%B4%EF%BC%88%E6%97%A7%E5%9B%BD%E7%AB%8B%E7%AB%B6%E6%8A%80%E5%A0%B4%EF%BC%89%20%E6%9D%B1%E4%BA%AC%E9%83%BD%E6%96%B0%E5%AE%BF%E5%8C%BA
東京都,新宿区,LIQUIDROOM（新宿時代）,ライブハウス・クラブ,,,,,,,"特徴・説明：新宿のライブハウス・クラブ。2003年末から2004年元日の営業終了時点を2004年と記載。
旧所在地：東京都新宿区歌舞伎町（旧番地未確認）
開業年：1994年（竣工・移転等の扱いは特徴・説明参照）
消滅年：2004年
消滅種別：移転
現在の状態：2004年7月に恵比寿へ移転。新宿の旧空間を対象。
資料URL：https://www.tv-tokyo.co.jp/adomachi/backnumber/20040918/33303.html | https://www.shibukei.com/headline/1604/
Googleマップ検索用名称：LIQUIDROOM（新宿時代） 東京都新宿区",,https://www.google.com/maps/search/?api=1&query=LIQUIDROOM%EF%BC%88%E6%96%B0%E5%AE%BF%E6%99%82%E4%BB%A3%EF%BC%89%20%E6%9D%B1%E4%BA%AC%E9%83%BD%E6%96%B0%E5%AE%BF%E5%8C%BA
東京都,新宿区,シネマスクエアとうきゅう,映画館,,,,,,,"特徴・説明：個性的な作品を上映したミニシアター。同ビル内のミラノ座とは別スクリーン。
旧所在地：東京都新宿区歌舞伎町1-29-1 TOKYU MILANOビル
開業年：1981年（竣工・移転等の扱いは特徴・説明参照）
消滅年：2014年
消滅種別：閉館
現在の状態：2014年12月31日閉館。
資料URL：https://jpn-world.com/goldenroadtheatre/eigakanmeguri/tokyu-cinemasquare.html | https://www.eventernote.com/places/460
Googleマップ検索用名称：シネマスクエアとうきゅう 東京都新宿区",,https://www.google.com/maps/search/?api=1&query=%E3%82%B7%E3%83%8D%E3%83%9E%E3%82%B9%E3%82%AF%E3%82%A8%E3%82%A2%E3%81%A8%E3%81%86%E3%81%8D%E3%82%85%E3%81%86%20%E6%9D%B1%E4%BA%AC%E9%83%BD%E6%96%B0%E5%AE%BF%E5%8C%BA
東京都,新宿区,新宿ミラノ座（新宿ミラノ1）,映画館,,,,,,,"特徴・説明：大型スクリーンと多数の客席を持つ歌舞伎町の映画館。
旧所在地：東京都新宿区歌舞伎町1-29-1 TOKYU MILANOビル
開業年：1956年（竣工・移転等の扱いは特徴・説明参照）
消滅年：2014年
消滅種別：閉館
現在の状態：2014年末閉館。複合ビルの他施設とは名称を区別。
資料URL：https://kabukichojimukyoku.seesaa.net/article/2014-05-13.html | https://jpn-world.com/goldenroadtheatre/eigakanmeguri/tokyu-cinemasquare.html | https://www.eventernote.com/places/460
Googleマップ検索用名称：新宿ミラノ座（新宿ミラノ1） 東京都新宿区",,https://www.google.com/maps/search/?api=1&query=%E6%96%B0%E5%AE%BF%E3%83%9F%E3%83%A9%E3%83%8E%E5%BA%A7%EF%BC%88%E6%96%B0%E5%AE%BF%E3%83%9F%E3%83%A9%E3%83%8E1%EF%BC%89%20%E6%9D%B1%E4%BA%AC%E9%83%BD%E6%96%B0%E5%AE%BF%E5%8C%BA
東京都,新宿区,東京厚生年金会館,音楽ホール・複合施設,,,,,,,"特徴・説明：大ホールを備えた厚生年金福祉施設。
旧所在地：東京都新宿区新宿5-3-1
開業年：1961年（竣工・移転等の扱いは特徴・説明参照）
消滅年：2010年
消滅種別：閉館
現在の状態：閉館。日単位の記述差があるため消滅年のみ記載。
資料URL：https://www.city.shinjuku.lg.jp/content/000235871.pdf | https://www.eventernote.com/places/567
Googleマップ検索用名称：東京厚生年金会館 東京都新宿区",,https://www.google.com/maps/search/?api=1&query=%E6%9D%B1%E4%BA%AC%E5%8E%9A%E7%94%9F%E5%B9%B4%E9%87%91%E4%BC%9A%E9%A4%A8%20%E6%9D%B1%E4%BA%AC%E9%83%BD%E6%96%B0%E5%AE%BF%E5%8C%BA
東京都,新宿区,新宿コマ劇場,劇場,,,,,,,"特徴・説明：円形の舞台機構を備え、歌手の座長公演などで知られた劇場。
旧所在地：東京都新宿区歌舞伎町1-19-1（跡地の現住所）
開業年：1956年（竣工・移転等の扱いは特徴・説明参照）
消滅年：2008年
消滅種別：閉館
現在の状態：2008年末に閉館。
資料URL：https://www.teec-or.org/%E4%BA%8B%E6%A5%AD%E5%AE%9F%E7%B8%BE/%E4%BA%8B%E6%A5%AD%E5%A0%B1%E5%91%8A2007-2012/ | https://shinjuku.keizai.biz/headline/444/ | https://shinjuku-toho-bldg.toho.co.jp/access.html
Googleマップ検索用名称：新宿コマ劇場 東京都新宿区",,https://www.google.com/maps/search/?api=1&query=%E6%96%B0%E5%AE%BF%E3%82%B3%E3%83%9E%E5%8A%87%E5%A0%B4%20%E6%9D%B1%E4%BA%AC%E9%83%BD%E6%96%B0%E5%AE%BF%E5%8C%BA
東京都,杉並区,普門館大ホール,音楽ホール,,,,,,,"特徴・説明：吹奏楽コンクールで知られた大ホール。2012年の使用停止を消滅年とした。
旧所在地：東京都杉並区和田・立正佼成会本部（番地未確認）
開業年：1970年（竣工・移転等の扱いは特徴・説明参照）
消滅年：2012年
消滅種別：使用停止・解体
現在の状態：大ホールの通常使用は終了。2018年に館全体の使用も終了し解体工事へ。
資料URL：https://shimbun.kosei-shuppan.co.jp/news/15829/ | https://www.livewalker.com/web/detail/18498 | https://rirc.or.jp/database/?rircdb=15144 | https://www.city.shinjuku.lg.jp/content/000235871.pdf
Googleマップ検索用名称：普門館大ホール 東京都杉並区",https://shimbun.kosei-shuppan.co.jp/news/15829/,https://www.google.com/maps/search/?api=1&query=%E6%99%AE%E9%96%80%E9%A4%A8%E5%A4%A7%E3%83%9B%E3%83%BC%E3%83%AB%20%E6%9D%B1%E4%BA%AC%E9%83%BD%E6%9D%89%E4%B8%A6%E5%8C%BA
東京都,世田谷区,二子玉川園,遊園地,,,,,,,"特徴・説明：玉川第二遊園地として開園した東急系の遊園地。
旧所在地：東京都世田谷区二子玉川駅東側・現在の二子玉川ライズ周辺
開業年：1922年（竣工・移転等の扱いは特徴・説明参照）
消滅年：1985年
消滅種別：閉園
現在の状態：遊園地は閉園し、周辺は再開発された。
資料URL：https://search.showakan.go.jp/search/photo/detail.php?id=90370185 | https://sc.rise.sc/whatsrise/history/
Googleマップ検索用名称：二子玉川園 東京都世田谷区",https://sc.rise.sc/whatsrise/history/,https://www.google.com/maps/search/?api=1&query=%E4%BA%8C%E5%AD%90%E7%8E%89%E5%B7%9D%E5%9C%92%20%E6%9D%B1%E4%BA%AC%E9%83%BD%E4%B8%96%E7%94%B0%E8%B0%B7%E5%8C%BA
東京都,千代田区,AKB48 CAFE&SHOP AKIHABARA,カフェ・アイドル文化,,,,,,,"特徴・説明：AKB48の公式カフェとグッズショップ。2019年12月31日終了。
旧所在地：東京都千代田区神田花岡町・JR秋葉原駅前（番地未確認）
開業年：2011年（竣工・移転等の扱いは特徴・説明参照）
消滅年：2019年
消滅種別：閉店
現在の状態：当該店舗は営業終了。
資料URL：https://www.akb48.co.jp/news/detailpage/38527898 | https://www.akb48.co.jp/news/detailpage/39313572
Googleマップ検索用名称：AKB48 CAFE&SHOP AKIHABARA 東京都千代田区",https://www.akb48.co.jp/news/detailpage/38527898,https://www.google.com/maps/search/?api=1&query=AKB48%20CAFE%26SHOP%20AKIHABARA%20%E6%9D%B1%E4%BA%AC%E9%83%BD%E5%8D%83%E4%BB%A3%E7%94%B0%E5%8C%BA
東京都,千代田区,GUNDAM Café 秋葉原店／TOKYO BRAND CORE,カフェ・アニメ文化,,,,,,,"特徴・説明：ガンダムの公式カフェ。2020年の増床改装を経て2022年1月30日終了。
旧所在地：東京都千代田区神田花岡町1-1
開業年：2010年（竣工・移転等の扱いは特徴・説明参照）
消滅年：2022年
消滅種別：閉店
現在の状態：当該常設店舗は閉店。
資料URL：https://kaztsu.com/gundam-cafe-tokyo-brand-core/ | https://www.gundam.info/news/hot-topics/01_6811.html
Googleマップ検索用名称：GUNDAM Café 秋葉原店／TOKYO BRAND CORE 東京都千代田区",https://www.gundam.info/news/hot-topics/01_6811.html,https://www.google.com/maps/search/?api=1&query=GUNDAM%20Caf%C3%A9%20%E7%A7%8B%E8%91%89%E5%8E%9F%E5%BA%97%EF%BC%8FTOKYO%20BRAND%20CORE%20%E6%9D%B1%E4%BA%AC%E9%83%BD%E5%8D%83%E4%BB%A3%E7%94%B0%E5%8C%BA
東京都,千代田区,アドアーズ秋葉原店,ゲームセンター,,,,,,,"特徴・説明：駅前のプライズゲーム店舗。カラオケ階は10月、ゲーム階は11月8日に終了。
旧所在地：東京都千代田区外神田（番地未確認）
開業年：2012年（竣工・移転等の扱いは特徴・説明参照）
消滅年：2020年
消滅種別：閉店
現在の状態：当該店舗は閉店。
資料URL：https://toshoken.com/news/20808 | https://akihabara-bc.jp/akihabara-heiten-202011/
Googleマップ検索用名称：アドアーズ秋葉原店 東京都千代田区",,https://www.google.com/maps/search/?api=1&query=%E3%82%A2%E3%83%89%E3%82%A2%E3%83%BC%E3%82%BA%E7%A7%8B%E8%91%89%E5%8E%9F%E5%BA%97%20%E6%9D%B1%E4%BA%AC%E9%83%BD%E5%8D%83%E4%BB%A3%E7%94%B0%E5%8C%BA
東京都,千代田区,エターナルアミューズメントタワー,ゲームセンター,,,,,,,"特徴・説明：旧トライアミューズメントタワー系の大型店舗。運営会社の事業停止に伴い閉店。
旧所在地：東京都千代田区外神田4-4-7 MTビル
開業年：未確認（竣工・移転等の扱いは特徴・説明参照）
消滅年：2020年
消滅種別：閉店
現在の状態：2020年3月閉店。
資料URL：https://www.am-net.jp/location/profile.cgi?page=150&width=100%25 | https://blog.livedoor.jp/mouseunit/archives/51756075.html
Googleマップ検索用名称：エターナルアミューズメントタワー 東京都千代田区",,https://www.google.com/maps/search/?api=1&query=%E3%82%A8%E3%82%BF%E3%83%BC%E3%83%8A%E3%83%AB%E3%82%A2%E3%83%9F%E3%83%A5%E3%83%BC%E3%82%BA%E3%83%A1%E3%83%B3%E3%83%88%E3%82%BF%E3%83%AF%E3%83%BC%20%E6%9D%B1%E4%BA%AC%E9%83%BD%E5%8D%83%E4%BB%A3%E7%94%B0%E5%8C%BA
東京都,千代田区,ゲームコーナーミッキー,ゲームセンター,,,,,,,"特徴・説明：神保町のレトロゲームセンター。建物老朽化により3月29日営業終了。
旧所在地：東京都千代田区神田神保町（番地は未確認）
開業年：1982年（竣工・移転等の扱いは特徴・説明参照）
消滅年：2013年
消滅種別：閉店
現在の状態：旧店舗閉店。
資料URL：https://news.mynavi.jp/article/20130321-a155/
Googleマップ検索用名称：ゲームコーナーミッキー 東京都千代田区",,https://www.google.com/maps/search/?api=1&query=%E3%82%B2%E3%83%BC%E3%83%A0%E3%82%B3%E3%83%BC%E3%83%8A%E3%83%BC%E3%83%9F%E3%83%83%E3%82%AD%E3%83%BC%20%E6%9D%B1%E4%BA%AC%E9%83%BD%E5%8D%83%E4%BB%A3%E7%94%B0%E5%8C%BA
東京都,千代田区,セガ秋葉原2号館（旧・秋葉原GiGO）,ゲームセンター,,,,,,,"特徴・説明：万世橋交差点の大型ゲームセンター。2020年8月30日閉店。
旧所在地：東京都千代田区外神田1-15-1
開業年：2003年（竣工・移転等の扱いは特徴・説明参照）
消滅年：2020年
消滅種別：閉店
現在の状態：旧店舗は営業終了。ほかのGiGO店舗とは区別。
資料URL：https://game.watch.impress.co.jp/docs/news/1273777.html | https://kaztsu.com/sega-akiba-gigo/
Googleマップ検索用名称：セガ秋葉原2号館（旧・秋葉原GiGO） 東京都千代田区",,https://www.google.com/maps/search/?api=1&query=%E3%82%BB%E3%82%AC%E7%A7%8B%E8%91%89%E5%8E%9F2%E5%8F%B7%E9%A4%A8%EF%BC%88%E6%97%A7%E3%83%BB%E7%A7%8B%E8%91%89%E5%8E%9FGiGO%EF%BC%89%20%E6%9D%B1%E4%BA%AC%E9%83%BD%E5%8D%83%E4%BB%A3%E7%94%B0%E5%8C%BA
東京都,千代田区,グランドプリンスホテル赤坂 新館,ホテル,,,,,,,"特徴・説明：丹下健三設計の高層ホテル。旧称・赤坂プリンスホテル。1955年開業の旧館とは別。
旧所在地：東京都千代田区紀尾井町1-2
開業年：1983年（竣工・移転等の扱いは特徴・説明参照）
消滅年：2011年
消滅種別：閉館・建替え
現在の状態：旧新館は建替え対象。保存された旧李王家邸とは別の建物。
資料URL：https://akasaka.keizai.biz/headline/551/ | https://tokyo.mport.info/inn/tokyo/tokyo23/chiyoda/_grand_prince_hotel_akasakana.html | https://castle.sunnyday.jp/photo4/akasakaprinsu.html
Googleマップ検索用名称：グランドプリンスホテル赤坂 新館 東京都千代田区",,https://www.google.com/maps/search/?api=1&query=%E3%82%B0%E3%83%A9%E3%83%B3%E3%83%89%E3%83%97%E3%83%AA%E3%83%B3%E3%82%B9%E3%83%9B%E3%83%86%E3%83%AB%E8%B5%A4%E5%9D%82%20%E6%96%B0%E9%A4%A8%20%E6%9D%B1%E4%BA%AC%E9%83%BD%E5%8D%83%E4%BB%A3%E7%94%B0%E5%8C%BA
東京都,千代田区,銀座スカイラウンジ（回転レストラン時代）,飲食店・展望施設,,,,,,,"特徴・説明：2020年12月30日を最後に回転レストランとしての営業を終了。
旧所在地：東京都千代田区有楽町・東京交通会館15階
開業年：未確認（竣工・移転等の扱いは特徴・説明参照）
消滅年：2020年
消滅種別：大規模改変
現在の状態：2021年に改装再開。回転する客席での食事体験は終了。
資料URL：https://www.kaikan.co.jp/press_room/files/PR210712.pdf
Googleマップ検索用名称：銀座スカイラウンジ（回転レストラン時代） 東京都千代田区",https://www.kaikan.co.jp/press_room/files/PR210712.pdf,https://www.google.com/maps/search/?api=1&query=%E9%8A%80%E5%BA%A7%E3%82%B9%E3%82%AB%E3%82%A4%E3%83%A9%E3%82%A6%E3%83%B3%E3%82%B8%EF%BC%88%E5%9B%9E%E8%BB%A2%E3%83%AC%E3%82%B9%E3%83%88%E3%83%A9%E3%83%B3%E6%99%82%E4%BB%A3%EF%BC%89%20%E6%9D%B1%E4%BA%AC%E9%83%BD%E5%8D%83%E4%BB%A3%E7%94%B0%E5%8C%BA
東京都,千代田区,TOHOシネマズ日劇（有楽町マリオン内）,映画館,,,,,,,"特徴・説明：日劇の名を継いだ3館。1933年開業の旧日本劇場とは別の建物内の施設。
旧所在地：東京都千代田区有楽町・有楽町センタービル内
開業年：1984年（竣工・移転等の扱いは特徴・説明参照）
消滅年：2018年
消滅種別：閉館
現在の状態：2018年2月4日閉館。
資料URL：https://www.tohocinemas.co.jp/news/pdf/2017/171220a.pdf | https://www.tohotheater.jp/news/post_4.html
Googleマップ検索用名称：TOHOシネマズ日劇（有楽町マリオン内） 東京都千代田区",https://www.tohocinemas.co.jp/news/pdf/2017/171220a.pdf,https://www.google.com/maps/search/?api=1&query=TOHO%E3%82%B7%E3%83%8D%E3%83%9E%E3%82%BA%E6%97%A5%E5%8A%87%EF%BC%88%E6%9C%89%E6%A5%BD%E7%94%BA%E3%83%9E%E3%83%AA%E3%82%AA%E3%83%B3%E5%86%85%EF%BC%89%20%E6%9D%B1%E4%BA%AC%E9%83%BD%E5%8D%83%E4%BB%A3%E7%94%B0%E5%8C%BA
東京都,千代田区,炭火珈琲庵 古炉奈,喫茶店,,,,,,,"特徴・説明：純喫茶コロナとして開店。電気街の休憩場所として親しまれた。
旧所在地：東京都千代田区外神田1-14-3 秋葉原電波会館2階
開業年：1966年（竣工・移転等の扱いは特徴・説明参照）
消滅年：2009年
消滅種別：閉店・業態変更
現在の状態：古炉奈としての営業終了後、ギルドレストランに業態変更。
資料URL：https://tabelog.com/tokyo/A1310/A131001/13000347/ | https://www.itmedia.co.jp/news/article/0906/02/1090602085/
Googleマップ検索用名称：炭火珈琲庵 古炉奈 東京都千代田区",,https://www.google.com/maps/search/?api=1&query=%E7%82%AD%E7%81%AB%E7%8F%88%E7%90%B2%E5%BA%B5%20%E5%8F%A4%E7%82%89%E5%A5%88%20%E6%9D%B1%E4%BA%AC%E9%83%BD%E5%8D%83%E4%BB%A3%E7%94%B0%E5%8C%BA
東京都,千代田区,珈琲専門店エース,喫茶店,,,,,,,"特徴・説明：のりトーストで知られた神田の純喫茶。閉店年月は掲載店舗情報・閉店記録による。
旧所在地：東京都千代田区内神田3-10-6
開業年：未確認（竣工・移転等の扱いは特徴・説明参照）
消滅年：2024年
消滅種別：閉店
現在の状態：閉店。
資料URL：https://tabelog.com/tokyo/A1310/A131002/13020976/ | https://tabelog.com/tokyo/A1310/A131002/13020976/dtlrvwlst/B60979987/?lc=0&rvw_part=all&sby=&smp=1&srt=&use_type=0
Googleマップ検索用名称：珈琲専門店エース 東京都千代田区",,https://www.google.com/maps/search/?api=1&query=%E7%8F%88%E7%90%B2%E5%B0%82%E9%96%80%E5%BA%97%E3%82%A8%E3%83%BC%E3%82%B9%20%E6%9D%B1%E4%BA%AC%E9%83%BD%E5%8D%83%E4%BB%A3%E7%94%B0%E5%8C%BA
東京都,千代田区,メイドカフェぴなふぉあ1号店,喫茶店・メイド文化,,,,,,,"特徴・説明：秋葉原の初期のメイドカフェの一つ。系列店全体の廃業ではなく1号店の終了。
旧所在地：東京都千代田区神田佐久間町1-19 山中ビル1階
開業年：2003年（竣工・移転等の扱いは特徴・説明参照）
消滅年：2017年
消滅種別：閉店
現在の状態：2017年8月31日最終営業。
資料URL：https://pinafore.jp/info/006964.html | https://akiba.keizai.biz/headline/4070/ | https://www.tbs.co.jp/anime/cp/news/news20170429_01.html
Googleマップ検索用名称：メイドカフェぴなふぉあ1号店 東京都千代田区",https://pinafore.jp/info/006964.html,https://www.google.com/maps/search/?api=1&query=%E3%83%A1%E3%82%A4%E3%83%89%E3%82%AB%E3%83%95%E3%82%A7%E3%81%B4%E3%81%AA%E3%81%B5%E3%81%89%E3%81%821%E5%8F%B7%E5%BA%97%20%E6%9D%B1%E4%BA%AC%E9%83%BD%E5%8D%83%E4%BB%A3%E7%94%B0%E5%8C%BA
東京都,千代田区,私設図書館シャッツキステ,喫茶店・メイド文化,,,,,,,"特徴・説明：読書やボードゲームを楽しめる私設図書館型メイドカフェ。2020年11月15日営業終了。
旧所在地：東京都千代田区外神田6-5-11 長谷川ビル1階
開業年：2006年（竣工・移転等の扱いは特徴・説明参照）
消滅年：2020年
消滅種別：閉店
現在の状態：実店舗の営業終了。閉館後も創作活動等は継続。
資料URL：https://blog.livedoor.jp/schatz_kiste/archives/10279890.html | https://akihabara-bc.jp/akihabara-heiten-202011/ | https://tabelog.com/tokyo/A1311/A131101/13025155/
Googleマップ検索用名称：私設図書館シャッツキステ 東京都千代田区",https://blog.livedoor.jp/schatz_kiste/archives/10279890.html,https://www.google.com/maps/search/?api=1&query=%E7%A7%81%E8%A8%AD%E5%9B%B3%E6%9B%B8%E9%A4%A8%E3%82%B7%E3%83%A3%E3%83%83%E3%83%84%E3%82%AD%E3%82%B9%E3%83%86%20%E6%9D%B1%E4%BA%AC%E9%83%BD%E5%8D%83%E4%BB%A3%E7%94%B0%E5%8C%BA
東京都,千代田区,ミロンガ・ヌオーバ（移転前店舗）,喫茶店・音楽文化,,,,,,,"特徴・説明：レンガ造りの旧店舗でタンゴを聴く体験を対象とする。2022年12月に旧店舗終了。
旧所在地：東京都千代田区神田神保町1-3
開業年：未確認（竣工・移転等の扱いは特徴・説明参照）
消滅年：2022年
消滅種別：移転
現在の状態：2023年2月に近隣へ移転。店自体は存続し、旧空間が対象。
資料URL：https://tabelog.com/tokyo/A1310/A131003/13006552/ | https://san-tatsu.jp/articles/228150/
Googleマップ検索用名称：ミロンガ・ヌオーバ（移転前店舗） 東京都千代田区",,https://www.google.com/maps/search/?api=1&query=%E3%83%9F%E3%83%AD%E3%83%B3%E3%82%AC%E3%83%BB%E3%83%8C%E3%82%AA%E3%83%BC%E3%83%90%EF%BC%88%E7%A7%BB%E8%BB%A2%E5%89%8D%E5%BA%97%E8%88%97%EF%BC%89%20%E6%9D%B1%E4%BA%AC%E9%83%BD%E5%8D%83%E4%BB%A3%E7%94%B0%E5%8C%BA
東京都,千代田区,九段下ビル,建築・商業施設,,,,,,,"特徴・説明：震災復興期の共同建築。旧称は今川小路共同建築。竣工年を記載。
旧所在地：東京都千代田区神田神保町3-4
開業年：1927年（竣工・移転等の扱いは特徴・説明参照）
消滅年：2012年
消滅種別：解体
現在の状態：旧建物は解体。跡地は専修大学神田10号館。
資料URL：https://visit-chiyoda.tokyo/app/spot/detail/195 | https://jinbocho.kokosil.net/ja/place/00001c000000000000020000006801f5
Googleマップ検索用名称：九段下ビル 東京都千代田区",,https://www.google.com/maps/search/?api=1&query=%E4%B9%9D%E6%AE%B5%E4%B8%8B%E3%83%93%E3%83%AB%20%E6%9D%B1%E4%BA%AC%E9%83%BD%E5%8D%83%E4%BB%A3%E7%94%B0%E5%8C%BA
東京都,千代田区,三信ビルディング,建築・商業施設,,,,,,,"特徴・説明：吹き抜けアーケードと半円形のエレベーターホールを備えたオフィスビル。竣工年を記載。
旧所在地：東京都千代田区有楽町1-4-1
開業年：1930年（竣工・移転等の扱いは特徴・説明参照）
消滅年：2007年
消滅種別：解体
現在の状態：旧建物は解体。
資料URL：https://www.yae.co.jp/works/1376/ | https://www.mitsuifudosan.co.jp/corporate/news/2005/0121/
Googleマップ検索用名称：三信ビルディング 東京都千代田区",https://www.mitsuifudosan.co.jp/corporate/news/2005/0121/,https://www.google.com/maps/search/?api=1&query=%E4%B8%89%E4%BF%A1%E3%83%93%E3%83%AB%E3%83%87%E3%82%A3%E3%83%B3%E3%82%B0%20%E6%9D%B1%E4%BA%AC%E9%83%BD%E5%8D%83%E4%BB%A3%E7%94%B0%E5%8C%BA
東京都,千代田区,書泉ブックマート,書店・サブカルチャー,,,,,,,"特徴・説明：漫画・TRPGなどの品揃えで知られ、末期は女性向けコミック等に特化。
旧所在地：東京都千代田区神田神保町1-21-6
開業年：未確認（竣工・移転等の扱いは特徴・説明参照）
消滅年：2015年
消滅種別：閉店
現在の状態：2015年9月30日閉店。他の書泉店舗は別施設。
資料URL：https://chizujoho.jpn.org/01_chizujoho/35/mi35_4_img/chizujoho_136_digital.pdf | https://www.itmedia.co.jp/news/articles/1509/01/news092.html
Googleマップ検索用名称：書泉ブックマート 東京都千代田区",,https://www.google.com/maps/search/?api=1&query=%E6%9B%B8%E6%B3%89%E3%83%96%E3%83%83%E3%82%AF%E3%83%9E%E3%83%BC%E3%83%88%20%E6%9D%B1%E4%BA%AC%E9%83%BD%E5%8D%83%E4%BB%A3%E7%94%B0%E5%8C%BA
東京都,千代田区,LAOX THE COMPUTER館（ザ・コンピュータ館）,電気街・パソコン店,,,,,,,"特徴・説明：秋葉原の大型パソコン専門店。予定は9月30日だったが、最終営業記事は9月20日の完全閉店を記録。
旧所在地：東京都千代田区外神田（番地の資料表記に疑義があるため省略）
開業年：未確認（竣工・移転等の扱いは特徴・説明参照）
消滅年：2007年
消滅種別：閉店
現在の状態：当該店舗は閉店。
資料URL：https://akiba-pc.watch.impress.co.jp/hotline/20070922/etc_thecom.html | https://www.itmedia.co.jp/news/article/0708/03/1070803084/
Googleマップ検索用名称：LAOX THE COMPUTER館（ザ・コンピュータ館） 東京都千代田区",,https://www.google.com/maps/search/?api=1&query=LAOX%20THE%20COMPUTER%E9%A4%A8%EF%BC%88%E3%82%B6%E3%83%BB%E3%82%B3%E3%83%B3%E3%83%94%E3%83%A5%E3%83%BC%E3%82%BF%E9%A4%A8%EF%BC%89%20%E6%9D%B1%E4%BA%AC%E9%83%BD%E5%8D%83%E4%BB%A3%E7%94%B0%E5%8C%BA
東京都,千代田区,ヤマギワソフト館,電気街・音楽映像店,,,,,,,"特徴・説明：音楽・映像ソフトとイベントで知られた店舗。
旧所在地：東京都千代田区外神田・中央通り（番地未確認）
開業年：未確認（竣工・移転等の扱いは特徴・説明参照）
消滅年：2007年
消滅種別：閉店・業態変更
現在の状態：ヤマギワソフト館として終了し、パソコン総合館へ転換。
資料URL：https://akiba.keizai.biz/headline/600/ | https://akiba-pc.watch.impress.co.jp/hotline/20070915/etc_sofmap.html
Googleマップ検索用名称：ヤマギワソフト館 東京都千代田区",,https://www.google.com/maps/search/?api=1&query=%E3%83%A4%E3%83%9E%E3%82%AE%E3%83%AF%E3%82%BD%E3%83%95%E3%83%88%E9%A4%A8%20%E6%9D%B1%E4%BA%AC%E9%83%BD%E5%8D%83%E4%BB%A3%E7%94%B0%E5%8C%BA
東京都,千代田区,石丸電気本店（最終名称・エディオン秋葉原本店）,電気街・家電店,,,,,,,"特徴・説明：石丸電気の本店を継いだ家電店。名称変更年ではなく当該店舗の最終営業年を記載。
旧所在地：東京都千代田区外神田1丁目（番地未確認）
開業年：未確認（竣工・移転等の扱いは特徴・説明参照）
消滅年：2013年
消滅種別：閉店・統合
現在の状態：2013年3月20日閉店。
資料URL：https://akiba.keizai.biz/headline/2985/
Googleマップ検索用名称：石丸電気本店（最終名称・エディオン秋葉原本店） 東京都千代田区",,https://www.google.com/maps/search/?api=1&query=%E7%9F%B3%E4%B8%B8%E9%9B%BB%E6%B0%97%E6%9C%AC%E5%BA%97%EF%BC%88%E6%9C%80%E7%B5%82%E5%90%8D%E7%A7%B0%E3%83%BB%E3%82%A8%E3%83%87%E3%82%A3%E3%82%AA%E3%83%B3%E7%A7%8B%E8%91%89%E5%8E%9F%E6%9C%AC%E5%BA%97%EF%BC%89%20%E6%9D%B1%E4%BA%AC%E9%83%BD%E5%8D%83%E4%BB%A3%E7%94%B0%E5%8C%BA
東京都,千代田区,交通博物館（万世橋）,博物館,,,,,,,"特徴・説明：1921年創設の博物館が1936年に当地へ移転。開業年は万世橋での開館年。
旧所在地：東京都千代田区神田須田町1-25
開業年：1936年（竣工・移転等の扱いは特徴・説明参照）
消滅年：2006年
消滅種別：閉館・移転
現在の状態：万世橋での展示は終了。さいたま市の鉄道博物館へ継承。
資料URL：https://www.jreast.co.jp/press/2005_2/20051203.pdf | https://www.jreast.co.jp/press/2003_2/20040206.pdf
Googleマップ検索用名称：交通博物館（万世橋） 東京都千代田区",https://www.jreast.co.jp/press/2005_2/20051203.pdf,https://www.google.com/maps/search/?api=1&query=%E4%BA%A4%E9%80%9A%E5%8D%9A%E7%89%A9%E9%A4%A8%EF%BC%88%E4%B8%87%E4%B8%96%E6%A9%8B%EF%BC%89%20%E6%9D%B1%E4%BA%AC%E9%83%BD%E5%8D%83%E4%BB%A3%E7%94%B0%E5%8C%BA
東京都,千代田区,逓信総合博物館（ていぱーく）,博物館,,,,,,,"特徴・説明：郵便・電気通信・放送を扱う総合博物館。2013年8月31日閉館。
旧所在地：東京都千代田区大手町2-3-1
開業年：未確認（竣工・移転等の扱いは特徴・説明参照）
消滅年：2013年
消滅種別：閉館・移転
現在の状態：大手町の施設は閉館。所蔵資料の一部は郵政博物館へ継承。
資料URL：https://www.postalmuseum.jp/about/ | https://www.postalmuseum.jp/news/press/20131210.html | https://files.japanpost.jp/assets/34d9d11432734cfaa759e78fe395b688/f22d94adf57840faabe0e40acf46a197/1001_00_04_2009021701_1.pdf
Googleマップ検索用名称：逓信総合博物館（ていぱーく） 東京都千代田区",https://www.postalmuseum.jp/about/,https://www.google.com/maps/search/?api=1&query=%E9%80%93%E4%BF%A1%E7%B7%8F%E5%90%88%E5%8D%9A%E7%89%A9%E9%A4%A8%EF%BC%88%E3%81%A6%E3%81%84%E3%81%B1%E3%83%BC%E3%81%8F%EF%BC%89%20%E6%9D%B1%E4%BA%AC%E9%83%BD%E5%8D%83%E4%BB%A3%E7%94%B0%E5%8C%BA
東京都,足立区,東京マリン,プール・レジャー施設,,,,,,,"特徴・説明：大型ウォータースライダーで知られた屋外プール。2000年終了後、2001年夏に再営業して最終閉鎖。
旧所在地：東京都足立区栗原3-25-1
開業年：1972年（竣工・移転等の扱いは特徴・説明参照）
消滅年：2001年
消滅種別：閉鎖
現在の状態：閉鎖。開業年は博物館のオープン時写真の年代による。
資料URL：https://www.tv-tokyo.co.jp/adomachi/backnumber/20011006/23224.html | https://jmapps.ne.jp/adachitokyo/det.html?data_id=12434
Googleマップ検索用名称：東京マリン 東京都足立区",,https://www.google.com/maps/search/?api=1&query=%E6%9D%B1%E4%BA%AC%E3%83%9E%E3%83%AA%E3%83%B3%20%E6%9D%B1%E4%BA%AC%E9%83%BD%E8%B6%B3%E7%AB%8B%E5%8C%BA
東京都,足立区,子宝湯（千住元町の旧店舗）,銭湯,,,,,,,"特徴・説明：宮造り銭湯建築の代表例。所在地は営業時の場所を記載。
旧所在地：東京都足立区千住元町（旧番地未確認）
開業年：未確認（竣工・移転等の扱いは特徴・説明参照）
消滅年：1988年
消滅種別：閉店・移築
現在の状態：江戸東京たてもの園に移築・復元。建築は見学可能だが銭湯営業は終了。
資料URL：https://www.1010.or.jp/mag-topic-240703/ | https://www.tatemonoen.jp/restore/intro/east.php
Googleマップ検索用名称：子宝湯（千住元町の旧店舗） 東京都足立区",https://www.tatemonoen.jp/restore/intro/east.php,https://www.google.com/maps/search/?api=1&query=%E5%AD%90%E5%AE%9D%E6%B9%AF%EF%BC%88%E5%8D%83%E4%BD%8F%E5%85%83%E7%94%BA%E3%81%AE%E6%97%A7%E5%BA%97%E8%88%97%EF%BC%89%20%E6%9D%B1%E4%BA%AC%E9%83%BD%E8%B6%B3%E7%AB%8B%E5%8C%BA
東京都,足立区,大黒湯（千住寿町）,銭湯,,,,,,,"特徴・説明：キングオブ銭湯として知られた宮造り銭湯。創業と建築の年に異なる記述があるため開業年は空欄。
旧所在地：東京都足立区千住寿町32-6
開業年：未確認（竣工・移転等の扱いは特徴・説明参照）
消滅年：2021年
消滅種別：閉店・解体・一部移築
現在の状態：廃業。唐破風屋根は安養院に移築・保存。
資料URL：https://www.city.adachi.tokyo.jp/citypro/adachikara/interview/anyoin.html | https://www.city.adachi.tokyo.jp/hisho/ku/kucho/20221011-mainichi.html | https://iiofuro.com/tokyo/s6260/
Googleマップ検索用名称：大黒湯（千住寿町） 東京都足立区",,https://www.google.com/maps/search/?api=1&query=%E5%A4%A7%E9%BB%92%E6%B9%AF%EF%BC%88%E5%8D%83%E4%BD%8F%E5%AF%BF%E7%94%BA%EF%BC%89%20%E6%9D%B1%E4%BA%AC%E9%83%BD%E8%B6%B3%E7%AB%8B%E5%8C%BA
東京都,台東区,蔵前国技館,スポーツ施設,,,,,,,"特徴・説明：1950年に仮設状態で本場所開始。1954年完成とする年表もあり、開業年は初使用年。
旧所在地：東京都台東区蔵前（旧番地未確認）
開業年：1950年（竣工・移転等の扱いは特徴・説明参照）
消滅年：1984年
消滅種別：閉館・移転
現在の状態：1984年9月場所を最後に閉館。相撲の拠点は両国へ移行。
資料URL：https://sumo.or.jp/Entertainment/quiz/1354 | https://www.city.sumida.lg.jp/bunka_kanko/annnai/kankou/ryougoku_machiaruki.files/kawaraban_5.pdf
Googleマップ検索用名称：蔵前国技館 東京都台東区",https://sumo.or.jp/Entertainment/quiz/1354,https://www.google.com/maps/search/?api=1&query=%E8%94%B5%E5%89%8D%E5%9B%BD%E6%8A%80%E9%A4%A8%20%E6%9D%B1%E4%BA%AC%E9%83%BD%E5%8F%B0%E6%9D%B1%E5%8C%BA
東京都,台東区,アンヂェラス,喫茶店・洋菓子店,,,,,,,"特徴・説明：浅草の老舗喫茶・洋菓子店。2019年3月17日営業終了。
旧所在地：東京都台東区浅草1-17-6
開業年：1946年（竣工・移転等の扱いは特徴・説明参照）
消滅年：2019年
消滅種別：閉店
現在の状態：閉店。
資料URL：https://tabelog.com/tokyo/A1311/A131102/13003678/ | https://www.timeout.jp/tokyo/ja/%E3%83%8B%E3%83%A5%E3%83%BC%E3%82%B9/%E6%B5%85%E8%8D%89%E3%81%AE%E8%80%81%E8%88%97%E5%96%AB%E8%8C%B6%E5%BA%97-%E3%82%A2%E3%83%B3%E3%83%82%E3%82%A7%E3%83%A9%E3%82%B9%E3%81%8C3-17%E3%81%AB%E9%96%89%E5%BA%97-020819
Googleマップ検索用名称：アンヂェラス 東京都台東区",,https://www.google.com/maps/search/?api=1&query=%E3%82%A2%E3%83%B3%E3%83%82%E3%82%A7%E3%83%A9%E3%82%B9%20%E6%9D%B1%E4%BA%AC%E9%83%BD%E5%8F%B0%E6%9D%B1%E5%8C%BA
東京都,台東区,快哉湯（銭湯時代）,銭湯,,,,,,,"特徴・説明：下谷の歴史ある銭湯。2016年11月に入浴営業を終了。
旧所在地：東京都台東区下谷2-17-11
開業年：未確認（竣工・移転等の扱いは特徴・説明参照）
消滅年：2016年
消滅種別：閉店・用途変更
現在の状態：建物を保存・再生しカフェ等に転用。銭湯としては入浴できない。
資料URL：https://kaisaiyu.com/about/ | https://reboncafe.thebase.in/about
Googleマップ検索用名称：快哉湯（銭湯時代） 東京都台東区",https://kaisaiyu.com/about/,https://www.google.com/maps/search/?api=1&query=%E5%BF%AB%E5%93%89%E6%B9%AF%EF%BC%88%E9%8A%AD%E6%B9%AF%E6%99%82%E4%BB%A3%EF%BC%89%20%E6%9D%B1%E4%BA%AC%E9%83%BD%E5%8F%B0%E6%9D%B1%E5%8C%BA
東京都,台東区,蛇骨湯,銭湯,,,,,,,"特徴・説明：浅草ふれあい通りの温泉銭湯。2019年5月31日に廃業。
旧所在地：東京都台東区浅草1-11-11
開業年：未確認（竣工・移転等の扱いは特徴・説明参照）
消滅年：2019年
消滅種別：閉店
現在の状態：銭湯営業終了。跡地の現況は未確認。
資料URL：https://asakusa-fureai.net/about-episode/ | https://iiofuro.com/tokyo/s1690/
Googleマップ検索用名称：蛇骨湯 東京都台東区",,https://www.google.com/maps/search/?api=1&query=%E8%9B%87%E9%AA%A8%E6%B9%AF%20%E6%9D%B1%E4%BA%AC%E9%83%BD%E5%8F%B0%E6%9D%B1%E5%8C%BA
東京都,台東区,上野こども遊園地,遊園地,,,,,,,"特徴・説明：小型の乗り物が並んだ動物園前の遊び場。8月31日閉園。
旧所在地：東京都台東区上野恩賜公園・上野動物園正門前
開業年：1946年（竣工・移転等の扱いは特徴・説明参照）
消滅年：2016年
消滅種別：閉園
現在の状態：閉園。正門前広場整備に伴い廃業。
資料URL：https://j-town.net/2016/09/08231654.html?p=all | https://j-town.net/2016/09/08231654.html?p=2
Googleマップ検索用名称：上野こども遊園地 東京都台東区",,https://www.google.com/maps/search/?api=1&query=%E4%B8%8A%E9%87%8E%E3%81%93%E3%81%A9%E3%82%82%E9%81%8A%E5%9C%92%E5%9C%B0%20%E6%9D%B1%E4%BA%AC%E9%83%BD%E5%8F%B0%E6%9D%B1%E5%8C%BA
東京都,中央区,銀座シネパトス,映画館,,,,,,,"特徴・説明：三原橋地下街にあった映画館。2013年3月31日終了。
旧所在地：東京都中央区銀座4-8-7先 三原橋地下街
開業年：未確認（竣工・移転等の扱いは特徴・説明参照）
消滅年：2013年
消滅種別：閉館
現在の状態：映画館は閉館。
資料URL：https://ginza.kokosil.net/ja/place/00001c0000000000000200000016b452 | https://tokuhain.chuo-kanko.or.jp/archive/cat16/cat6/2013/05/
Googleマップ検索用名称：銀座シネパトス 東京都中央区",,https://www.google.com/maps/search/?api=1&query=%E9%8A%80%E5%BA%A7%E3%82%B7%E3%83%8D%E3%83%91%E3%83%88%E3%82%B9%20%E6%9D%B1%E4%BA%AC%E9%83%BD%E4%B8%AD%E5%A4%AE%E5%8C%BA
東京都,中央区,銀座テアトルシネマ,映画館,,,,,,,"特徴・説明：銀座のミニシアター。2013年5月31日終了。
旧所在地：東京都中央区銀座1-11-2 銀座テアトルビル
開業年：1987年（竣工・移転等の扱いは特徴・説明参照）
消滅年：2013年
消滅種別：閉館
現在の状態：閉館。
資料URL：https://cinema.eiga.com/news/20130602/6/ | https://iko-yo.net/facilities/8531
Googleマップ検索用名称：銀座テアトルシネマ 東京都中央区",,https://www.google.com/maps/search/?api=1&query=%E9%8A%80%E5%BA%A7%E3%83%86%E3%82%A2%E3%83%88%E3%83%AB%E3%82%B7%E3%83%8D%E3%83%9E%20%E6%9D%B1%E4%BA%AC%E9%83%BD%E4%B8%AD%E5%A4%AE%E5%8C%BA
東京都,中央区,松坂屋銀座店 屋上ビヤガーデン麦羊亭,屋上飲食施設,,,,,,,"特徴・説明：銀座通りの屋上で季節営業したビアガーデン。百貨店閉店前年が最後の営業年。
旧所在地：東京都中央区銀座6-10-1 松坂屋銀座店屋上
開業年：1984年（竣工・移転等の扱いは特徴・説明参照）
消滅年：2012年
消滅種別：閉店
現在の状態：屋上での営業終了。百貨店本体の2013年閉店とは時期が異なる。
資料URL：https://ginza.keizai.biz/headline/2029/ | https://www.j-front-retailing.com/_data/news/121225_ginza_store.pdf
Googleマップ検索用名称：松坂屋銀座店 屋上ビヤガーデン麦羊亭 東京都中央区",https://www.j-front-retailing.com/_data/news/121225_ginza_store.pdf,https://www.google.com/maps/search/?api=1&query=%E6%9D%BE%E5%9D%82%E5%B1%8B%E9%8A%80%E5%BA%A7%E5%BA%97%20%E5%B1%8B%E4%B8%8A%E3%83%93%E3%83%A4%E3%82%AC%E3%83%BC%E3%83%87%E3%83%B3%E9%BA%A6%E7%BE%8A%E4%BA%AD%20%E6%9D%B1%E4%BA%AC%E9%83%BD%E4%B8%AD%E5%A4%AE%E5%8C%BA
東京都,中央区,松坂屋銀座店 屋上遊園地,屋上遊園地,,,,,,,"特徴・説明：百貨店屋上の小型遊具・ミニ鉄道の遊び場。本体の百貨店と利用体験を分けて収録。
旧所在地：東京都中央区銀座6-10-1 松坂屋銀座店屋上
開業年：未確認（竣工・移転等の扱いは特徴・説明参照）
消滅年：2013年
消滅種別：閉鎖・建替え
現在の状態：百貨店閉店に伴い旧屋上施設は消滅。
資料URL：https://home.ginza.kokosil.net/ja/archives/2476 | https://www.youtube.com/watch?v=GMgYkJ6stFs | https://www.j-front-retailing.com/_data/news/121225_ginza_store.pdf
Googleマップ検索用名称：松坂屋銀座店 屋上遊園地 東京都中央区",https://www.j-front-retailing.com/_data/news/121225_ginza_store.pdf,https://www.google.com/maps/search/?api=1&query=%E6%9D%BE%E5%9D%82%E5%B1%8B%E9%8A%80%E5%BA%A7%E5%BA%97%20%E5%B1%8B%E4%B8%8A%E9%81%8A%E5%9C%92%E5%9C%B0%20%E6%9D%B1%E4%BA%AC%E9%83%BD%E4%B8%AD%E5%A4%AE%E5%8C%BA
東京都,中央区,ソニービル（銀座の旧ビル）,建築・企業展示施設,,,,,,,"特徴・説明：製品展示とイベントの拠点。ビル全館は2017年3月末終了、ショールームは2016年に先行移転。
旧所在地：東京都中央区銀座5-3-1
開業年：1966年（竣工・移転等の扱いは特徴・説明参照）
消滅年：2017年
消滅種別：閉館・解体・再整備
現在の状態：旧ビルは再整備されGinza Sony Parkへ。当時のビル内体験を対象。
資料URL：https://www.sony.com/ja/SonyInfo/News/Press/201606/16-061/ | https://www.sony.com/ja/SonyInfo/News/Press/201806/18-052/
Googleマップ検索用名称：ソニービル（銀座の旧ビル） 東京都中央区",https://www.sony.com/ja/SonyInfo/News/Press/201606/16-061/,https://www.google.com/maps/search/?api=1&query=%E3%82%BD%E3%83%8B%E3%83%BC%E3%83%93%E3%83%AB%EF%BC%88%E9%8A%80%E5%BA%A7%E3%81%AE%E6%97%A7%E3%83%93%E3%83%AB%EF%BC%89%20%E6%9D%B1%E4%BA%AC%E9%83%BD%E4%B8%AD%E5%A4%AE%E5%8C%BA
東京都,中央区,中銀カプセルタワービル,建築・集合住宅,,,,,,,"特徴・説明：黒川紀章設計のカプセル集合建築。開業年欄は竣工年。
旧所在地：東京都中央区銀座8-16-10
開業年：1972年（竣工・移転等の扱いは特徴・説明参照）
消滅年：2022年
消滅種別：解体
現在の状態：建物は解体。一部のカプセルは保存・再活用。
資料URL：https://www.nakagincapsuletower.com/project | https://www.nakagincapsuletower.com/
Googleマップ検索用名称：中銀カプセルタワービル 東京都中央区",https://www.nakagincapsuletower.com/project,https://www.google.com/maps/search/?api=1&query=%E4%B8%AD%E9%8A%80%E3%82%AB%E3%83%97%E3%82%BB%E3%83%AB%E3%82%BF%E3%83%AF%E3%83%BC%E3%83%93%E3%83%AB%20%E6%9D%B1%E4%BA%AC%E9%83%BD%E4%B8%AD%E5%A4%AE%E5%8C%BA
東京都,中央区,晴海客船ターミナル（1991年開館の旧館）,港湾施設・公共施設,,,,,,,"特徴・説明：大階段や送迎デッキのある旧ターミナル。通常営業は2022年2月20日終了。
旧所在地：東京都中央区晴海ふ頭（旧館番地未確認）
開業年：1991年（竣工・移転等の扱いは特徴・説明参照）
消滅年：2022年
消滅種別：閉館・解体
現在の状態：旧館は解体対象となった。2025年に再開した同名ターミナルとは区別。
資料URL：https://tokuhain.chuo-kanko.or.jp/detail.php?id=2860 | https://www.kouwan.metro.tokyo.lg.jp/documents/d/kouwan/34254_211227 | https://www.tptc.co.jp/terminal/guide/harumi/facility
Googleマップ検索用名称：晴海客船ターミナル（1991年開館の旧館） 東京都中央区",https://www.kouwan.metro.tokyo.lg.jp/documents/d/kouwan/34254_211227,https://www.google.com/maps/search/?api=1&query=%E6%99%B4%E6%B5%B7%E5%AE%A2%E8%88%B9%E3%82%BF%E3%83%BC%E3%83%9F%E3%83%8A%E3%83%AB%EF%BC%881991%E5%B9%B4%E9%96%8B%E9%A4%A8%E3%81%AE%E6%97%A7%E9%A4%A8%EF%BC%89%20%E6%9D%B1%E4%BA%AC%E9%83%BD%E4%B8%AD%E5%A4%AE%E5%8C%BA
東京都,中央区,晴海国際見本市会場,展示場・公共施設,,,,,,,"特徴・説明：モーターショーやコミックマーケットの会場だった展示施設。1959年の貿易センター以前にも会場利用あり。
旧所在地：東京都中央区晴海（旧番地未確認）
開業年：未確認（竣工・移転等の扱いは特徴・説明参照）
消滅年：1996年
消滅種別：閉場・移転
現在の状態：晴海での会場運営終了。東京ビッグサイトへ移行。
資料URL：https://www.bigsight.jp/visitor/company/about/ | https://www.city.chuo.lg.jp/miryoku/imamukashi/harumi.html
Googleマップ検索用名称：晴海国際見本市会場 東京都中央区",https://www.bigsight.jp/visitor/company/about/,https://www.google.com/maps/search/?api=1&query=%E6%99%B4%E6%B5%B7%E5%9B%BD%E9%9A%9B%E8%A6%8B%E6%9C%AC%E5%B8%82%E4%BC%9A%E5%A0%B4%20%E6%9D%B1%E4%BA%AC%E9%83%BD%E4%B8%AD%E5%A4%AE%E5%8C%BA
東京都,中央区,プランタン銀座,百貨店・商業施設,,,,,,,"特徴・説明：フランスの百貨店ブランドを冠した銀座の商業施設。
旧所在地：東京都中央区銀座3丁目（番地未確認）
開業年：1984年（竣工・移転等の扱いは特徴・説明参照）
消滅年：2016年
消滅種別：閉店・業態変更
現在の状態：2016年12月31日閉店後、マロニエゲートへ転換。
資料URL：https://toshoken.com/news/8695 | https://www.atpress.ne.jp/news/112437
Googleマップ検索用名称：プランタン銀座 東京都中央区",,https://www.google.com/maps/search/?api=1&query=%E3%83%97%E3%83%A9%E3%83%B3%E3%82%BF%E3%83%B3%E9%8A%80%E5%BA%A7%20%E6%9D%B1%E4%BA%AC%E9%83%BD%E4%B8%AD%E5%A4%AE%E5%8C%BA
東京都,中央区,松坂屋銀座店,百貨店・商業施設,,,,,,,"特徴・説明：銀座の老舗百貨店。2013年6月30日営業終了。
旧所在地：東京都中央区銀座6-10-1
開業年：1924年（竣工・移転等の扱いは特徴・説明参照）
消滅年：2013年
消滅種別：閉店・建替え
現在の状態：旧店舗は再開発に伴い終了。
資料URL：https://www.j-front-retailing.com/_data/news/121225_ginza_store.pdf | https://ginza.keizai.biz/headline/2181/
Googleマップ検索用名称：松坂屋銀座店 東京都中央区",https://www.j-front-retailing.com/_data/news/121225_ginza_store.pdf,https://www.google.com/maps/search/?api=1&query=%E6%9D%BE%E5%9D%82%E5%B1%8B%E9%8A%80%E5%BA%A7%E5%BA%97%20%E6%9D%B1%E4%BA%AC%E9%83%BD%E4%B8%AD%E5%A4%AE%E5%8C%BA
東京都,中野区,中野サンプラザ,音楽ホール・複合施設,,,,,,,"特徴・説明：全国勤労青少年会館として開館。音楽ホールなどを備えた中野のランドマーク。
旧所在地：東京都中野区中野4-1-1
開業年：1973年（竣工・移転等の扱いは特徴・説明参照）
消滅年：2023年
消滅種別：閉館
現在の状態：通常営業は2023年7月2日終了。閉館後の催しと解体の有無は区別。
資料URL：https://www.city.tokyo-nakano.lg.jp/kusei/public/kuhou/2023/nakanokuho20231220.files/231220_all_page.pdf | https://library.city.tokyo-nakano.lg.jp/lib/files/sunplalaza_sassi1.pdf | https://www.livewalker.com/web/detail/9136
Googleマップ検索用名称：中野サンプラザ 東京都中野区",,https://www.google.com/maps/search/?api=1&query=%E4%B8%AD%E9%87%8E%E3%82%B5%E3%83%B3%E3%83%97%E3%83%A9%E3%82%B6%20%E6%9D%B1%E4%BA%AC%E9%83%BD%E4%B8%AD%E9%87%8E%E5%8C%BA
東京都,中野区,名曲喫茶クラシック,喫茶店・音楽文化,,,,,,,"特徴・説明：中野の名曲喫茶。閉店年は建築記録と閉店店舗情報を照合。
旧所在地：東京都中野区中野5-66-8
開業年：未確認（竣工・移転等の扱いは特徴・説明参照）
消滅年：2005年
消滅種別：閉店
現在の状態：閉店。跡地の現況は未確認。
資料URL：https://tabelog.com/tokyo/A1319/A131902/13001086/ | https://asabata.hatenablog.com/entry/2019/01/29/100815
Googleマップ検索用名称：名曲喫茶クラシック 東京都中野区",,https://www.google.com/maps/search/?api=1&query=%E5%90%8D%E6%9B%B2%E5%96%AB%E8%8C%B6%E3%82%AF%E3%83%A9%E3%82%B7%E3%83%83%E3%82%AF%20%E6%9D%B1%E4%BA%AC%E9%83%BD%E4%B8%AD%E9%87%8E%E5%8C%BA
東京都,中野区,丸井中野本店（2007年閉店の旧店舗）,百貨店・商業施設,,,,,,,"特徴・説明：丸井発祥の地の旧店舗。会社創業の1931年と当該旧館の開業年は区別し、開業年は空欄。
旧所在地：東京都中野区中野駅南口側（旧番地未確認）
開業年：未確認（竣工・移転等の扱いは特徴・説明参照）
消滅年：2007年
消滅種別：閉店・建替え
現在の状態：建替え前の店舗は2007年8月に営業終了。後継の中野マルイとは区別。
資料URL：https://www.0101maruigroup.co.jp/pdf/settlement/08_0317/08_0317_1.pdf | https://www.city.tokyo-nakano.lg.jp/kanko/machiaruki/marui_2.html
Googleマップ検索用名称：丸井中野本店（2007年閉店の旧店舗） 東京都中野区",https://www.0101maruigroup.co.jp/pdf/settlement/08_0317/08_0317_1.pdf,https://www.google.com/maps/search/?api=1&query=%E4%B8%B8%E4%BA%95%E4%B8%AD%E9%87%8E%E6%9C%AC%E5%BA%97%EF%BC%882007%E5%B9%B4%E9%96%89%E5%BA%97%E3%81%AE%E6%97%A7%E5%BA%97%E8%88%97%EF%BC%89%20%E6%9D%B1%E4%BA%AC%E9%83%BD%E4%B8%AD%E9%87%8E%E5%8C%BA
東京都,日野市,多摩テック,遊園地,,,,,,,"特徴・説明：自分で乗り物を操作する楽しさを中心にした遊園地。9月30日終了。
旧所在地：東京都日野市程久保5-22-1
開業年：1961年（竣工・移転等の扱いは特徴・説明参照）
消滅年：2009年
消滅種別：閉園
現在の状態：閉園。
資料URL：https://blog.excite.co.jp/tamatech/12036612/ | https://shinsenhino.com/%E3%83%8B%E3%83%A5%E3%83%BC%E3%82%B9/48-3.php | https://car.watch.impress.co.jp/docs/news/300577.html | https://sukupara.jp/odekake/spot_show.php?spotId=300
Googleマップ検索用名称：多摩テック 東京都日野市",https://blog.excite.co.jp/tamatech/12036612/,https://www.google.com/maps/search/?api=1&query=%E5%A4%9A%E6%91%A9%E3%83%86%E3%83%83%E3%82%AF%20%E6%9D%B1%E4%BA%AC%E9%83%BD%E6%97%A5%E9%87%8E%E5%B8%82
東京都,品川区,ゆうぽうと,音楽ホール・複合施設,,,,,,,"特徴・説明：大ホール・宿泊などを備えた複合施設。2015年9月30日閉館。
旧所在地：東京都品川区西五反田8-4-13
開業年：1982年（竣工・移転等の扱いは特徴・説明参照）
消滅年：2015年
消滅種別：閉館
現在の状態：旧施設は閉館。跡地は五反田JPビルディング。
資料URL：https://www.city.shinjuku.lg.jp/content/000235871.pdf | https://shinagawa.keizai.biz/headline/2400/ | https://map.yahoo.co.jp/v3/place/4TBa2QL4Ldk | https://www.city.setagaya.lg.jp/documents/677/16.pdf
Googleマップ検索用名称：ゆうぽうと 東京都品川区",,https://www.google.com/maps/search/?api=1&query=%E3%82%86%E3%81%86%E3%81%BD%E3%81%86%E3%81%A8%20%E6%9D%B1%E4%BA%AC%E9%83%BD%E5%93%81%E5%B7%9D%E5%8C%BA
東京都,品川区,船の科学館 旧本館,博物館,,,,,,,"特徴・説明：船型建築の海洋博物館。本館展示が終了した2011年を消滅年とした。
旧所在地：東京都品川区東八潮3-1
開業年：1974年（竣工・移転等の扱いは特徴・説明参照）
消滅年：2011年
消滅種別：展示終了・解体
現在の状態：2024年に解体着手。本館と、宗谷などの別の展示活動を区別。
資料URL：https://fields.canpan.info/report/detail/16316 | https://fields.canpan.info/organization/detail/1054930050?view=pc | https://www.city.shinagawa.tokyo.jp/PC/shisetsu/shisetsu-bunka/shisetsu-bunka-bunka/shisetsu-bunka-bunka-sonota/hpg000000330.html
Googleマップ検索用名称：船の科学館 旧本館 東京都品川区",,https://www.google.com/maps/search/?api=1&query=%E8%88%B9%E3%81%AE%E7%A7%91%E5%AD%A6%E9%A4%A8%20%E6%97%A7%E6%9C%AC%E9%A4%A8%20%E6%9D%B1%E4%BA%AC%E9%83%BD%E5%93%81%E5%B7%9D%E5%8C%BA
東京都,品川区,船の科学館 別館展示場・屋外展示,博物館・屋外展示,,,,,,,"特徴・説明：本館休止後も公開していた別館と屋外の展示。2024年1月28日終了。
旧所在地：東京都品川区東八潮3-1
開業年：未確認（竣工・移転等の扱いは特徴・説明参照）
消滅年：2024年
消滅種別：展示終了
現在の状態：当該展示は終了。宗谷の展示とは区別。
資料URL：https://www.tokyo-odaiba.net/genre/%E8%88%B9%E3%81%AE%E7%A7%91%E5%AD%A6%E9%A4%A8/ | https://www.watch.impress.co.jp/docs/news/1564192.html | https://www.city.shinagawa.tokyo.jp/PC/shisetsu/shisetsu-bunka/shisetsu-bunka-bunka/shisetsu-bunka-bunka-sonota/hpg000000330.html
Googleマップ検索用名称：船の科学館 別館展示場・屋外展示 東京都品川区",,https://www.google.com/maps/search/?api=1&query=%E8%88%B9%E3%81%AE%E7%A7%91%E5%AD%A6%E9%A4%A8%20%E5%88%A5%E9%A4%A8%E5%B1%95%E7%A4%BA%E5%A0%B4%E3%83%BB%E5%B1%8B%E5%A4%96%E5%B1%95%E7%A4%BA%20%E6%9D%B1%E4%BA%AC%E9%83%BD%E5%93%81%E5%B7%9D%E5%8C%BA
東京都,品川区,原美術館（品川）,美術館,,,,,,,"特徴・説明：旧邸宅を使った現代美術館。2021年1月11日閉館。
旧所在地：東京都品川区北品川4-7-25
開業年：1979年（竣工・移転等の扱いは特徴・説明参照）
消滅年：2021年
消滅種別：閉館・統合
現在の状態：品川館は閉館。群馬県の原美術館ARCに活動を統合。
資料URL：https://www.haramuseum.or.jp/jp/hara/ | https://www.haramuseum.or.jp/jp/hara/about/ | https://www.city.shinagawa.tokyo.jp/PC/shisetsu/shisetsu-bunka/shisetsu-bunka-bunka/shisetsu-bunka-bunka-sonota/hpg000000329.html
Googleマップ検索用名称：原美術館（品川） 東京都品川区",https://www.haramuseum.or.jp/jp/hara/,https://www.google.com/maps/search/?api=1&query=%E5%8E%9F%E7%BE%8E%E8%A1%93%E9%A4%A8%EF%BC%88%E5%93%81%E5%B7%9D%EF%BC%89%20%E6%9D%B1%E4%BA%AC%E9%83%BD%E5%93%81%E5%B7%9D%E5%8C%BA
東京都,品川区,フローティングパビリオン羊蹄丸,保存船・博物館,,,,,,,"特徴・説明：元青函連絡船の内部に昭和30年代の青森を再現した青函ワールドがあった。
旧所在地：東京都品川区東八潮・船の科学館係留地
開業年：1996年（竣工・移転等の扱いは特徴・説明参照）
消滅年：2011年
消滅種別：展示終了
現在の状態：お台場での保存展示は終了。消滅年は東京での展示終了年。
資料URL：https://www.totalmedia.co.jp/works/works1996_youteimaru.html | https://railf.jp/event/2011/07/12/111500.html | https://www.city.shinagawa.tokyo.jp/PC/shisetsu/shisetsu-bunka/shisetsu-bunka-bunka/shisetsu-bunka-bunka-sonota/hpg000000330.html
Googleマップ検索用名称：フローティングパビリオン羊蹄丸 東京都品川区",,https://www.google.com/maps/search/?api=1&query=%E3%83%95%E3%83%AD%E3%83%BC%E3%83%86%E3%82%A3%E3%83%B3%E3%82%B0%E3%83%91%E3%83%93%E3%83%AA%E3%82%AA%E3%83%B3%E7%BE%8A%E8%B9%84%E4%B8%B8%20%E6%9D%B1%E4%BA%AC%E9%83%BD%E5%93%81%E5%B7%9D%E5%8C%BA
東京都,武蔵野市,弁天湯（吉祥寺）,銭湯,,,,,,,"特徴・説明：吉祥寺の銭湯。最初の告知は休業だが、市の資料では2021年12月廃業と記録。
旧所在地：東京都武蔵野市吉祥寺本町2-27-13
開業年：未確認（竣工・移転等の扱いは特徴・説明参照）
消滅年：2021年
消滅種別：閉店
現在の状態：廃業を市の資料で確認。
資料URL：https://www.city.musashino.lg.jp/_res/projects/default_project/_page_/001/008/181/7_m_fukushi.pdf | https://kichifan.com/2021/12/06/bentenyu_closed/
Googleマップ検索用名称：弁天湯（吉祥寺） 東京都武蔵野市",,https://www.google.com/maps/search/?api=1&query=%E5%BC%81%E5%A4%A9%E6%B9%AF%EF%BC%88%E5%90%89%E7%A5%A5%E5%AF%BA%EF%BC%89%20%E6%9D%B1%E4%BA%AC%E9%83%BD%E6%AD%A6%E8%94%B5%E9%87%8E%E5%B8%82
東京都,文京区,後楽園球場,スポーツ施設,,,,,,,"特徴・説明：プロ野球専用球場として開場した東京の主要球場。
旧所在地：東京都文京区後楽1丁目（番地未確認）
開業年：1937年（竣工・移転等の扱いは特徴・説明参照）
消滅年：1987年
消滅種別：閉場・解体
現在の状態：老朽化により閉場・解体。
資料URL：https://search.showakan.go.jp/search/photo/detail.php?id=90372957 | https://ja.wikid.org/%E5%BE%8C%E6%A5%BD%E5%9C%92%E7%90%83%E5%A0%B4
Googleマップ検索用名称：後楽園球場 東京都文京区",,https://www.google.com/maps/search/?api=1&query=%E5%BE%8C%E6%A5%BD%E5%9C%92%E7%90%83%E5%A0%B4%20%E6%9D%B1%E4%BA%AC%E9%83%BD%E6%96%87%E4%BA%AC%E5%8C%BA
東京都,文京区,おとめ湯,銭湯,,,,,,,"特徴・説明：中庭を持っていた宮造り銭湯。
旧所在地：東京都文京区千石3-31-12
開業年：未確認（竣工・移転等の扱いは特徴・説明参照）
消滅年：2013年
消滅種別：閉店
現在の状態：銭湯営業終了。
資料URL：https://sento-to-machi.org/otome-yu/ | https://www.1010.or.jp/mag-sentolover-kuryu/
Googleマップ検索用名称：おとめ湯 東京都文京区",,https://www.google.com/maps/search/?api=1&query=%E3%81%8A%E3%81%A8%E3%82%81%E6%B9%AF%20%E6%9D%B1%E4%BA%AC%E9%83%BD%E6%96%87%E4%BA%AC%E5%8C%BA
東京都,文京区,菊水湯,銭湯,,,,,,,"特徴・説明：菊坂の路地にあった宮造り銭湯。利用した東大生らによる記録活動が行われた。
旧所在地：東京都文京区本郷4-30-16
開業年：未確認（竣工・移転等の扱いは特徴・説明参照）
消滅年：2015年
消滅種別：閉店
現在の状態：銭湯営業終了。
資料URL：https://sento-to-machi.org/kikusui-yu/ | https://bunkyo.keizai.biz/headline/179/
Googleマップ検索用名称：菊水湯 東京都文京区",,https://www.google.com/maps/search/?api=1&query=%E8%8F%8A%E6%B0%B4%E6%B9%AF%20%E6%9D%B1%E4%BA%AC%E9%83%BD%E6%96%87%E4%BA%AC%E5%8C%BA
東京都,文京区,月の湯（目白台）,銭湯,,,,,,,"特徴・説明：東京最古級と紹介された木造銭湯。2015年5月末営業終了。
旧所在地：東京都文京区目白台3-15-7
開業年：未確認（竣工・移転等の扱いは特徴・説明参照）
消滅年：2015年
消滅種別：閉店
現在の状態：銭湯営業終了。
資料URL：https://sento-to-machi.org/tsukino-yu/ | https://jibunmedia.org/?p=1040
Googleマップ検索用名称：月の湯（目白台） 東京都文京区",,https://www.google.com/maps/search/?api=1&query=%E6%9C%88%E3%81%AE%E6%B9%AF%EF%BC%88%E7%9B%AE%E7%99%BD%E5%8F%B0%EF%BC%89%20%E6%9D%B1%E4%BA%AC%E9%83%BD%E6%96%87%E4%BA%AC%E5%8C%BA
東京都,文京区,鶴の湯（千駄木）,銭湯,,,,,,,"特徴・説明：千駄木の宮造り銭湯。同名の営業中施設と区別が必要。
旧所在地：東京都文京区千駄木5-32-2
開業年：未確認（竣工・移転等の扱いは特徴・説明参照）
消滅年：2014年
消滅種別：閉店
現在の状態：銭湯営業終了。
資料URL：https://sento-to-machi.org/tsuruno-yu/
Googleマップ検索用名称：鶴の湯（千駄木） 東京都文京区",,https://www.google.com/maps/search/?api=1&query=%E9%B6%B4%E3%81%AE%E6%B9%AF%EF%BC%88%E5%8D%83%E9%A7%84%E6%9C%A8%EF%BC%89%20%E6%9D%B1%E4%BA%AC%E9%83%BD%E6%96%87%E4%BA%AC%E5%8C%BA
東京都,豊島区,アドアーズサンシャイン店,ゲームセンター,,,,,,,"特徴・説明：池袋・サンシャイン60通りの老舗ゲームセンター。2026年1月18日営業終了。
旧所在地：東京都豊島区東池袋1-14-4
開業年：未確認（竣工・移転等の扱いは特徴・説明参照）
消滅年：2026年
消滅種別：閉店
現在の状態：公式店舗ページで閉店を確認。
資料URL：https://www.adores.jp/tenpo/sunshine.html | https://ikebukuro-times.com/archives/adores-sunshine-close.html
Googleマップ検索用名称：アドアーズサンシャイン店 東京都豊島区",https://www.adores.jp/tenpo/sunshine.html,https://www.google.com/maps/search/?api=1&query=%E3%82%A2%E3%83%89%E3%82%A2%E3%83%BC%E3%82%BA%E3%82%B5%E3%83%B3%E3%82%B7%E3%83%A3%E3%82%A4%E3%83%B3%E5%BA%97%20%E6%9D%B1%E4%BA%AC%E9%83%BD%E8%B1%8A%E5%B3%B6%E5%8C%BA
東京都,豊島区,セガ池袋GiGO（1993年開業の旧店舗）,ゲームセンター,,,,,,,"特徴・説明：サンシャイン60階通りの大型店舗。2021年9月20日営業終了。
旧所在地：東京都豊島区東池袋1-21-1 TECH35ビル
開業年：1993年（竣工・移転等の扱いは特徴・説明参照）
消滅年：2021年
消滅種別：閉店
現在の状態：当該旧店舗は営業終了。後年の同名・系列施設とは区別。
資料URL：https://ikebukuro.keizai.biz/headline/2761/ | https://game.watch.impress.co.jp/docs/news/1341698.html | https://www.famitsu.com/news/202108/02229032.html
Googleマップ検索用名称：セガ池袋GiGO（1993年開業の旧店舗） 東京都豊島区",,https://www.google.com/maps/search/?api=1&query=%E3%82%BB%E3%82%AC%E6%B1%A0%E8%A2%8BGiGO%EF%BC%881993%E5%B9%B4%E9%96%8B%E6%A5%AD%E3%81%AE%E6%97%A7%E5%BA%97%E8%88%97%EF%BC%89%20%E6%9D%B1%E4%BA%AC%E9%83%BD%E8%B1%8A%E5%B3%B6%E5%8C%BA
東京都,豊島区,ニコニコ本社（池袋P'PARCO）,ネット文化・交流施設,,,,,,,"特徴・説明：ニコニコのアンテナショップ、イベント・放送施設。本社オフィスではない。
旧所在地：東京都豊島区東池袋1-50-35 P'PARCO地下1・2階
開業年：2014年（竣工・移転等の扱いは特徴・説明参照）
消滅年：2019年
消滅種別：閉館・機能移転
現在の状態：2019年7月末営業終了。原宿時代と池袋時代を区別。
資料URL：https://dwango.co.jp/news/1729906739868904040/ | https://www.itmedia.co.jp/news/article/1907/22/1190722094/ | https://iko-yo.net/facilities/84469
Googleマップ検索用名称：ニコニコ本社（池袋P'PARCO） 東京都豊島区",https://dwango.co.jp/news/1729906739868904040/,https://www.google.com/maps/search/?api=1&query=%E3%83%8B%E3%82%B3%E3%83%8B%E3%82%B3%E6%9C%AC%E7%A4%BE%EF%BC%88%E6%B1%A0%E8%A2%8BP'PARCO%EF%BC%89%20%E6%9D%B1%E4%BA%AC%E9%83%BD%E8%B1%8A%E5%B3%B6%E5%8C%BA
東京都,豊島区,J-WORLD TOKYO,屋内テーマパーク,,,,,,,"特徴・説明：ジャンプ作品のキャラクターを扱った屋内テーマパーク。2019年2月17日終了。
旧所在地：東京都豊島区東池袋・サンシャインシティ内
開業年：2013年（竣工・移転等の扱いは特徴・説明参照）
消滅年：2019年
消滅種別：閉園
現在の状態：施設は閉園。
資料URL：https://prtimes.jp/main/html/rd/p/000000142.000033062.html | https://am.bandainamco-am.co.jp/documents/news/2018/12/20181203_14-P-087.pdf
Googleマップ検索用名称：J-WORLD TOKYO 東京都豊島区",https://am.bandainamco-am.co.jp/documents/news/2018/12/20181203_14-P-087.pdf,https://www.google.com/maps/search/?api=1&query=J-WORLD%20TOKYO%20%E6%9D%B1%E4%BA%AC%E9%83%BD%E8%B1%8A%E5%B3%B6%E5%8C%BA
東京都,豊島区,リブロ池袋本店,書店,,,,,,,"特徴・説明：西武百貨店内の大型書店。2015年7月20日営業終了。
旧所在地：東京都豊島区南池袋1丁目・西武百貨店内
開業年：未確認（竣工・移転等の扱いは特徴・説明参照）
消滅年：2015年
消滅種別：閉店
現在の状態：当該店舗は閉店。書店としての区画利用継続とは区別。
資料URL：https://www.itmedia.co.jp/news/article/1506/02/1150602092/ | https://ikebukuro.keizai.biz/headline/1217/
Googleマップ検索用名称：リブロ池袋本店 東京都豊島区",,https://www.google.com/maps/search/?api=1&query=%E3%83%AA%E3%83%96%E3%83%AD%E6%B1%A0%E8%A2%8B%E6%9C%AC%E5%BA%97%20%E6%9D%B1%E4%BA%AC%E9%83%BD%E8%B1%8A%E5%B3%B6%E5%8C%BA
東京都,豊島区,池袋三越,百貨店・商業施設,,,,,,,"特徴・説明：池袋東口の百貨店。2009年5月6日営業終了。
旧所在地：東京都豊島区池袋駅東口側（旧番地未確認）
開業年：1957年（竣工・移転等の扱いは特徴・説明参照）
消滅年：2009年
消滅種別：閉店
現在の状態：当該百貨店は閉店。
資料URL：https://toshima.rlibrary.jp/archive/20090505_1425/pdf/20090505_1425.pdf | https://adeac.jp/viewitem/toshima-history/viewer/viewer/pressH210515_1/data/pressH210515_1.pdf
Googleマップ検索用名称：池袋三越 東京都豊島区",,https://www.google.com/maps/search/?api=1&query=%E6%B1%A0%E8%A2%8B%E4%B8%89%E8%B6%8A%20%E6%9D%B1%E4%BA%AC%E9%83%BD%E8%B1%8A%E5%B3%B6%E5%8C%BA
東京都,練馬区,としまえん,遊園地,,,,,,,"特徴・説明：石神井川沿いで約94年間営業した遊園地。2020年8月31日閉園。
旧所在地：東京都練馬区向山3-25-1
開業年：1926年（竣工・移転等の扱いは特徴・説明参照）
消滅年：2020年
消滅種別：閉園
現在の状態：遊園地としての営業終了。跡地は公園整備等の対象。
資料URL：https://www.youtube.com/watch?v=1irqoXlhyVw | https://www.spt.metro.tokyo.lg.jp/tosei/hodohappyo/press/2020/10/29/11_10.html | https://workfriend.zenpuku.or.jp/wp-content/uploads/files/%E5%88%A9%E7%94%A8%E3%82%AC%E3%82%A4%E3%83%892020%28%E8%B1%8A%E7%94%B0%E7%89%88%EF%BC%89%20.pdf
Googleマップ検索用名称：としまえん 東京都練馬区",,https://www.google.com/maps/search/?api=1&query=%E3%81%A8%E3%81%97%E3%81%BE%E3%81%88%E3%82%93%20%E6%9D%B1%E4%BA%AC%E9%83%BD%E7%B7%B4%E9%A6%AC%E5%8C%BA
神奈川県,横浜市戸塚区,横浜ドリームランド,遊園地,,,,,,,"特徴・説明：東京オリンピックの年に開園した郊外型の大型遊園地。
旧所在地：神奈川県横浜市戸塚区俣野町（旧番地未確認）
開業年：1964年（竣工・移転等の扱いは特徴・説明参照）
消滅年：2002年
消滅種別：閉園
現在の状態：閉園。
資料URL：https://www.city.yokohama.lg.jp/totsuka/shokai/kinenjigyo/kinenshi.files/0002_20190404.pdf | https://dreamland.yokohama/test
Googleマップ検索用名称：横浜ドリームランド 神奈川県横浜市戸塚区",,https://www.google.com/maps/search/?api=1&query=%E6%A8%AA%E6%B5%9C%E3%83%89%E3%83%AA%E3%83%BC%E3%83%A0%E3%83%A9%E3%83%B3%E3%83%89%20%E7%A5%9E%E5%A5%88%E5%B7%9D%E7%9C%8C%E6%A8%AA%E6%B5%9C%E5%B8%82%E6%88%B8%E5%A1%9A%E5%8C%BA
神奈川県,三浦市,京急油壺マリンパーク,水族館,,,,,,,"特徴・説明：相模湾を望む位置に開かれた水族館。2021年9月30日営業終了。
旧所在地：神奈川県三浦市油壺（番地未確認）
開業年：1968年（竣工・移転等の扱いは特徴・説明参照）
消滅年：2021年
消滅種別：閉館
現在の状態：実施設は閉館。後にVRでの記録公開が行われた。
資料URL：https://www.keikyu.co.jp/report/2021/post_272.html | https://www.keikyu.co.jp/company/news/2022/20220819HP_22074YM.html
Googleマップ検索用名称：京急油壺マリンパーク 神奈川県三浦市",https://www.keikyu.co.jp/report/2021/post_272.html,https://www.google.com/maps/search/?api=1&query=%E4%BA%AC%E6%80%A5%E6%B2%B9%E5%A3%BA%E3%83%9E%E3%83%AA%E3%83%B3%E3%83%91%E3%83%BC%E3%82%AF%20%E7%A5%9E%E5%A5%88%E5%B7%9D%E7%9C%8C%E4%B8%89%E6%B5%A6%E5%B8%82
神奈川県,川崎市川崎区,ウェアハウス川崎店,ゲームセンター,,,,,,,"特徴・説明：九龍城を模した内装の大型アミューズメント施設。2019年11月17日閉店。
旧所在地：神奈川県川崎市川崎区日進町3-7
開業年：2005年（竣工・移転等の扱いは特徴・説明参照）
消滅年：2019年
消滅種別：閉店
現在の状態：閉店。当時の館内体験は終了。
資料URL：https://toshoken.com/news/17071 | https://igcc.jp/mem-wh-kawasaki/
Googleマップ検索用名称：ウェアハウス川崎店 神奈川県川崎市川崎区",,https://www.google.com/maps/search/?api=1&query=%E3%82%A6%E3%82%A7%E3%82%A2%E3%83%8F%E3%82%A6%E3%82%B9%E5%B7%9D%E5%B4%8E%E5%BA%97%20%E7%A5%9E%E5%A5%88%E5%B7%9D%E7%9C%8C%E5%B7%9D%E5%B4%8E%E5%B8%82%E5%B7%9D%E5%B4%8E%E5%8C%BA
神奈川県,川崎市多摩区,向ヶ丘遊園,遊園地,,,,,,,"特徴・説明：多摩丘陵の自然を生かした花と緑の遊園地。2002年3月末閉園。
旧所在地：神奈川県川崎市多摩区生田緑地周辺（旧番地未確認）
開業年：1927年（竣工・移転等の扱いは特徴・説明参照）
消滅年：2002年
消滅種別：閉園
現在の状態：遊園地営業終了。跡地再整備の対象。
資料URL：https://www.odakyu.jp/news/o5oaa1000001bdql-att/o5oaa1000001bdqs.pdf
Googleマップ検索用名称：向ヶ丘遊園 神奈川県川崎市多摩区",https://www.odakyu.jp/news/o5oaa1000001bdql-att/o5oaa1000001bdqs.pdf,https://www.google.com/maps/search/?api=1&query=%E5%90%91%E3%83%B6%E4%B8%98%E9%81%8A%E5%9C%92%20%E7%A5%9E%E5%A5%88%E5%B7%9D%E7%9C%8C%E5%B7%9D%E5%B4%8E%E5%B8%82%E5%A4%9A%E6%91%A9%E5%8C%BA
千葉県,習志野市,谷津遊園,遊園地,,,,,,,"特徴・説明：海辺の遊園地として親しまれた施設。
旧所在地：千葉県習志野市谷津・現在の谷津バラ園周辺
開業年：未確認（竣工・移転等の扱いは特徴・説明参照）
消滅年：1982年
消滅種別：閉園
現在の状態：遊園地は閉園。バラ園は市管理の谷津バラ園として継承。
資料URL：https://www.city.narashino.lg.jp/citypromotion/shizen/walk/sansaku/h12/sansaku041.html | https://www.city.narashino.lg.jp/joho/keikaku/toshikankyo/narashino_city_2508.html
Googleマップ検索用名称：谷津遊園 千葉県習志野市",,https://www.google.com/maps/search/?api=1&query=%E8%B0%B7%E6%B4%A5%E9%81%8A%E5%9C%92%20%E5%8D%83%E8%91%89%E7%9C%8C%E7%BF%92%E5%BF%97%E9%87%8E%E5%B8%82
千葉県,船橋市,ららぽーとスキードームSSAWS（ザウス）,スキー場・屋内レジャー,,,,,,,"特徴・説明：大規模な屋内人工スキー場。営業終了は運営会社の資料で確認。
旧所在地：千葉県船橋市浜町2-3-1
開業年：1993年（竣工・移転等の扱いは特徴・説明参照）
消滅年：2002年
消滅種別：閉館
現在の状態：閉館。
資料URL：https://www.mitsuifudosan.co.jp/corporate/news/2002/0301/download/0301_1.pdf | https://www.mitsuifudosan.co.jp/corporate/news/2002/0301/
Googleマップ検索用名称：ららぽーとスキードームSSAWS（ザウス） 千葉県船橋市",https://www.mitsuifudosan.co.jp/corporate/news/2002/0301/,https://www.google.com/maps/search/?api=1&query=%E3%82%89%E3%82%89%E3%81%BD%E3%83%BC%E3%81%A8%E3%82%B9%E3%82%AD%E3%83%BC%E3%83%89%E3%83%BC%E3%83%A0SSAWS%EF%BC%88%E3%82%B6%E3%82%A6%E3%82%B9%EF%BC%89%20%E5%8D%83%E8%91%89%E7%9C%8C%E8%88%B9%E6%A9%8B%E5%B8%82
千葉県,船橋市,船橋ヘルスセンター,温浴・総合レジャー施設,,,,,,,"特徴・説明：温浴を核に発展した大規模娯楽施設。1977年5月営業終了。
旧所在地：千葉県船橋市浜町（旧番地未確認）
開業年：1955年（竣工・移転等の扱いは特徴・説明参照）
消滅年：1977年
消滅種別：閉園
現在の状態：閉園。
資料URL：https://www.city.funabashi.lg.jp/shisetsu/bunka/0001/0005/0003/p053576.html | https://www.lib.city.funabashi.lg.jp/manage/contents/upload/659e5de2c91fc.pdf | https://ja.wikid.org/%E8%88%B9%E6%A9%8B%E3%83%98%E3%83%AB%E3%82%B9%E3%82%BB%E3%83%B3%E3%82%BF%E3%83%BC
Googleマップ検索用名称：船橋ヘルスセンター 千葉県船橋市",,https://www.google.com/maps/search/?api=1&query=%E8%88%B9%E6%A9%8B%E3%83%98%E3%83%AB%E3%82%B9%E3%82%BB%E3%83%B3%E3%82%BF%E3%83%BC%20%E5%8D%83%E8%91%89%E7%9C%8C%E8%88%B9%E6%A9%8B%E5%B8%82
埼玉県,川越市,丸広百貨店川越店 わんぱくランド,屋上遊園地,,,,,,,"特徴・説明：観覧車やモノレールを備えた百貨店屋上遊園地。2019年9月1日閉園。
旧所在地：埼玉県川越市丸広百貨店川越店屋上（番地未確認）
開業年：1968年（竣工・移転等の扱いは特徴・説明参照）
消滅年：2019年
消滅種別：閉園
現在の状態：屋上遊園地は終了。百貨店本体の閉店ではない。
資料URL：https://bandainamco-am.co.jp/NEWS/others_facility/20190423_1500_15-C-003.html
Googleマップ検索用名称：丸広百貨店川越店 わんぱくランド 埼玉県川越市",https://bandainamco-am.co.jp/NEWS/others_facility/20190423_1500_15-C-003.html,https://www.google.com/maps/search/?api=1&query=%E4%B8%B8%E5%BA%83%E7%99%BE%E8%B2%A8%E5%BA%97%E5%B7%9D%E8%B6%8A%E5%BA%97%20%E3%82%8F%E3%82%93%E3%81%B1%E3%81%8F%E3%83%A9%E3%83%B3%E3%83%89%20%E5%9F%BC%E7%8E%89%E7%9C%8C%E5%B7%9D%E8%B6%8A%E5%B8%82
