"都道府県","市区町村","店舗名・施設名","分類","評価","説明・狙い目","公式サイト","Googleマップ","雰囲気","公式検索","地図検索名","参照"
"北海道","札幌市中央区","市立札幌病院店","","","市立札幌病院内。病院利用者、付き添い、職員が利用する院内店舗。
狙い目：院内店舗として、店先と病院側の通行空間の境目、席から見える範囲を観察したい。院内を巡回するのではなく、店舗を利用できる範囲で見る。","https://shop.tullys.co.jp/all?keyword=%E5%B8%82%E7%AB%8B%E6%9C%AD%E5%B9%8C%E7%97%85%E9%99%A2%E5%BA%97","https://www.google.com/maps/search/?api=1&query=%E5%B8%82%E7%AB%8B%E6%9C%AD%E5%B9%8C%E7%97%85%E9%99%A2%E5%BA%97%20%E5%B8%82%E7%AB%8B%E6%9C%AD%E5%B9%8C%E7%97%85%E9%99%A2%E5%86%85","","","","公式サイト：https://shop.tullys.co.jp/all?keyword=%E5%B8%82%E7%AB%8B%E6%9C%AD%E5%B9%8C%E7%97%85%E9%99%A2%E5%BA%97"
"北海道","旭川市","旭川赤十字病院店","","","旭川赤十字病院内。病院利用者、付き添い、職員が利用する院内店舗。
狙い目：院内店舗として、店先と病院側の通行空間の境目、席から見える範囲を観察したい。院内を巡回するのではなく、店舗を利用できる範囲で見る。","https://shop.tullys.co.jp/all?keyword=%E6%97%AD%E5%B7%9D%E8%B5%A4%E5%8D%81%E5%AD%97%E7%97%85%E9%99%A2%E5%BA%97","https://www.google.com/maps/search/?api=1&query=%E6%97%AD%E5%B7%9D%E8%B5%A4%E5%8D%81%E5%AD%97%E7%97%85%E9%99%A2%E5%BA%97%20%E6%97%AD%E5%B7%9D%E8%B5%A4%E5%8D%81%E5%AD%97%E7%97%85%E9%99%A2%E5%86%85","","","","公式サイト：https://shop.tullys.co.jp/all?keyword=%E6%97%AD%E5%B7%9D%E8%B5%A4%E5%8D%81%E5%AD%97%E7%97%85%E9%99%A2%E5%BA%97"
"宮城県","仙台市青葉区","東北大学病院店","","","東北大学病院内。病院利用者、付き添い、職員が利用する院内店舗。
狙い目：院内店舗として、店先と病院側の通行空間の境目、席から見える範囲を観察したい。院内を巡回するのではなく、店舗を利用できる範囲で見る。","https://shop.tullys.co.jp/all?keyword=%E6%9D%B1%E5%8C%97%E5%A4%A7%E5%AD%A6%E7%97%85%E9%99%A2%E5%BA%97","https://www.google.com/maps/search/?api=1&query=%E6%9D%B1%E5%8C%97%E5%A4%A7%E5%AD%A6%E7%97%85%E9%99%A2%E5%BA%97%20%E6%9D%B1%E5%8C%97%E5%A4%A7%E5%AD%A6%E7%97%85%E9%99%A2%E5%86%85","","","","公式サイト：https://shop.tullys.co.jp/all?keyword=%E6%9D%B1%E5%8C%97%E5%A4%A7%E5%AD%A6%E7%97%85%E9%99%A2%E5%BA%97"
"茨城県","水戸市","水戸赤十字病院店","","","水戸赤十字病院内。病院利用者、付き添い、職員が利用する院内店舗。
狙い目：院内店舗として、店先と病院側の通行空間の境目、席から見える範囲を観察したい。院内を巡回するのではなく、店舗を利用できる範囲で見る。","https://shop.tullys.co.jp/all?keyword=%E6%B0%B4%E6%88%B8%E8%B5%A4%E5%8D%81%E5%AD%97%E7%97%85%E9%99%A2%E5%BA%97","https://www.google.com/maps/search/?api=1&query=%E6%B0%B4%E6%88%B8%E8%B5%A4%E5%8D%81%E5%AD%97%E7%97%85%E9%99%A2%E5%BA%97%20%E6%B0%B4%E6%88%B8%E8%B5%A4%E5%8D%81%E5%AD%97%E7%97%85%E9%99%A2%E5%86%85","","","","公式サイト：https://shop.tullys.co.jp/all?keyword=%E6%B0%B4%E6%88%B8%E8%B5%A4%E5%8D%81%E5%AD%97%E7%97%85%E9%99%A2%E5%BA%97"
"茨城県","土浦市","土浦協同病院店","","","総合病院土浦協同病院内。病院利用者、付き添い、職員が利用する院内店舗。
狙い目：院内店舗として、店先と病院側の通行空間の境目、席から見える範囲を観察したい。院内を巡回するのではなく、店舗を利用できる範囲で見る。","https://shop.tullys.co.jp/all?keyword=%E5%9C%9F%E6%B5%A6%E5%8D%94%E5%90%8C%E7%97%85%E9%99%A2%E5%BA%97","https://www.google.com/maps/search/?api=1&query=%E5%9C%9F%E6%B5%A6%E5%8D%94%E5%90%8C%E7%97%85%E9%99%A2%E5%BA%97%20%E7%B7%8F%E5%90%88%E7%97%85%E9%99%A2%E5%9C%9F%E6%B5%A6%E5%8D%94%E5%90%8C%E7%97%85%E9%99%A2%E5%86%85","","","","公式サイト：https://shop.tullys.co.jp/all?keyword=%E5%9C%9F%E6%B5%A6%E5%8D%94%E5%90%8C%E7%97%85%E9%99%A2%E5%BA%97"
"茨城県","つくば市","筑波大学附属病院店","","","筑波大学附属病院内。病院利用者、付き添い、職員が利用する院内店舗。
狙い目：院内店舗として、店先と病院側の通行空間の境目、席から見える範囲を観察したい。院内を巡回するのではなく、店舗を利用できる範囲で見る。","https://shop.tullys.co.jp/all?keyword=%E7%AD%91%E6%B3%A2%E5%A4%A7%E5%AD%A6%E9%99%84%E5%B1%9E%E7%97%85%E9%99%A2%E5%BA%97","https://www.google.com/maps/search/?api=1&query=%E7%AD%91%E6%B3%A2%E5%A4%A7%E5%AD%A6%E9%99%84%E5%B1%9E%E7%97%85%E9%99%A2%E5%BA%97%20%E7%AD%91%E6%B3%A2%E5%A4%A7%E5%AD%A6%E9%99%84%E5%B1%9E%E7%97%85%E9%99%A2%E5%86%85","","","","公式サイト：https://shop.tullys.co.jp/all?keyword=%E7%AD%91%E6%B3%A2%E5%A4%A7%E5%AD%A6%E9%99%84%E5%B1%9E%E7%97%85%E9%99%A2%E5%BA%97"
"埼玉県","所沢市","防衛医大病院店","","","防衛医科大学校病院内。病院利用者、付き添い、職員が利用する院内店舗。
狙い目：院内店舗として、店先と病院側の通行空間の境目、席から見える範囲を観察したい。院内を巡回するのではなく、店舗を利用できる範囲で見る。","https://shop.tullys.co.jp/all?keyword=%E9%98%B2%E8%A1%9B%E5%8C%BB%E5%A4%A7%E7%97%85%E9%99%A2%E5%BA%97","https://www.google.com/maps/search/?api=1&query=%E9%98%B2%E8%A1%9B%E5%8C%BB%E5%A4%A7%E7%97%85%E9%99%A2%E5%BA%97%20%E9%98%B2%E8%A1%9B%E5%8C%BB%E7%A7%91%E5%A4%A7%E5%AD%A6%E6%A0%A1%E7%97%85%E9%99%A2%E5%86%85","","","","公式サイト：https://shop.tullys.co.jp/all?keyword=%E9%98%B2%E8%A1%9B%E5%8C%BB%E5%A4%A7%E7%97%85%E9%99%A2%E5%BA%97"
"埼玉県","川口市","川口市立医療センター店","","","川口市立医療センター内。病院利用者、付き添い、職員が利用する院内店舗。
狙い目：院内店舗として、店先と病院側の通行空間の境目、席から見える範囲を観察したい。院内を巡回するのではなく、店舗を利用できる範囲で見る。","https://shop.tullys.co.jp/all?keyword=%E5%B7%9D%E5%8F%A3%E5%B8%82%E7%AB%8B%E5%8C%BB%E7%99%82%E3%82%BB%E3%83%B3%E3%82%BF%E3%83%BC%E5%BA%97","https://www.google.com/maps/search/?api=1&query=%E5%B7%9D%E5%8F%A3%E5%B8%82%E7%AB%8B%E5%8C%BB%E7%99%82%E3%82%BB%E3%83%B3%E3%82%BF%E3%83%BC%E5%BA%97%20%E5%B7%9D%E5%8F%A3%E5%B8%82%E7%AB%8B%E5%8C%BB%E7%99%82%E3%82%BB%E3%83%B3%E3%82%BF%E3%83%BC%E5%86%85","","","","公式サイト：https://shop.tullys.co.jp/all?keyword=%E5%B7%9D%E5%8F%A3%E5%B8%82%E7%AB%8B%E5%8C%BB%E7%99%82%E3%82%BB%E3%83%B3%E3%82%BF%E3%83%BC%E5%BA%97"
"埼玉県","上尾市","上尾中央総合病院店","","","上尾中央総合病院内。病院利用者、付き添い、職員が利用する院内店舗。
狙い目：院内店舗として、店先と病院側の通行空間の境目、席から見える範囲を観察したい。院内を巡回するのではなく、店舗を利用できる範囲で見る。","https://shop.tullys.co.jp/all?keyword=%E4%B8%8A%E5%B0%BE%E4%B8%AD%E5%A4%AE%E7%B7%8F%E5%90%88%E7%97%85%E9%99%A2%E5%BA%97","https://www.google.com/maps/search/?api=1&query=%E4%B8%8A%E5%B0%BE%E4%B8%AD%E5%A4%AE%E7%B7%8F%E5%90%88%E7%97%85%E9%99%A2%E5%BA%97%20%E4%B8%8A%E5%B0%BE%E4%B8%AD%E5%A4%AE%E7%B7%8F%E5%90%88%E7%97%85%E9%99%A2%E5%86%85","","","","公式サイト：https://shop.tullys.co.jp/all?keyword=%E4%B8%8A%E5%B0%BE%E4%B8%AD%E5%A4%AE%E7%B7%8F%E5%90%88%E7%97%85%E9%99%A2%E5%BA%97"
"千葉県","松戸市","千葉西総合病院店","","","千葉西総合病院内。病院利用者、付き添い、職員が利用する院内店舗。
狙い目：院内店舗として、店先と病院側の通行空間の境目、席から見える範囲を観察したい。院内を巡回するのではなく、店舗を利用できる範囲で見る。","https://shop.tullys.co.jp/all?keyword=%E5%8D%83%E8%91%89%E8%A5%BF%E7%B7%8F%E5%90%88%E7%97%85%E9%99%A2%E5%BA%97","https://www.google.com/maps/search/?api=1&query=%E5%8D%83%E8%91%89%E8%A5%BF%E7%B7%8F%E5%90%88%E7%97%85%E9%99%A2%E5%BA%97%20%E5%8D%83%E8%91%89%E8%A5%BF%E7%B7%8F%E5%90%88%E7%97%85%E9%99%A2%E5%86%85","","","","公式サイト：https://shop.tullys.co.jp/all?keyword=%E5%8D%83%E8%91%89%E8%A5%BF%E7%B7%8F%E5%90%88%E7%97%85%E9%99%A2%E5%BA%97"
"栃木県","下都賀郡壬生町","獨協医科大学病院店","","","獨協医科大学病院内。病院利用者、付き添い、職員が利用する院内店舗。
狙い目：院内店舗として、店先と病院側の通行空間の境目、席から見える範囲を観察したい。院内を巡回するのではなく、店舗を利用できる範囲で見る。","https://shop.tullys.co.jp/all?keyword=%E7%8D%A8%E5%8D%94%E5%8C%BB%E7%A7%91%E5%A4%A7%E5%AD%A6%E7%97%85%E9%99%A2%E5%BA%97","https://www.google.com/maps/search/?api=1&query=%E7%8D%A8%E5%8D%94%E5%8C%BB%E7%A7%91%E5%A4%A7%E5%AD%A6%E7%97%85%E9%99%A2%E5%BA%97%20%E7%8D%A8%E5%8D%94%E5%8C%BB%E7%A7%91%E5%A4%A7%E5%AD%A6%E7%97%85%E9%99%A2%E5%86%85","","","","公式サイト：https://shop.tullys.co.jp/all?keyword=%E7%8D%A8%E5%8D%94%E5%8C%BB%E7%A7%91%E5%A4%A7%E5%AD%A6%E7%97%85%E9%99%A2%E5%BA%97"
"埼玉県","戸田市","戸田中央総合病院店","","","戸田中央総合病院内。病院利用者、付き添い、職員が利用する院内店舗。
狙い目：院内店舗として、店先と病院側の通行空間の境目、席から見える範囲を観察したい。院内を巡回するのではなく、店舗を利用できる範囲で見る。","https://shop.tullys.co.jp/all?keyword=%E6%88%B8%E7%94%B0%E4%B8%AD%E5%A4%AE%E7%B7%8F%E5%90%88%E7%97%85%E9%99%A2%E5%BA%97","https://www.google.com/maps/search/?api=1&query=%E6%88%B8%E7%94%B0%E4%B8%AD%E5%A4%AE%E7%B7%8F%E5%90%88%E7%97%85%E9%99%A2%E5%BA%97%20%E6%88%B8%E7%94%B0%E4%B8%AD%E5%A4%AE%E7%B7%8F%E5%90%88%E7%97%85%E9%99%A2%E5%86%85","","","","公式サイト：https://shop.tullys.co.jp/all?keyword=%E6%88%B8%E7%94%B0%E4%B8%AD%E5%A4%AE%E7%B7%8F%E5%90%88%E7%97%85%E9%99%A2%E5%BA%97"
"東京都","文京区","好仁会東大病院店","","","東京大学医学部附属病院内。病院利用者、付き添い、職員が利用する院内店舗。
狙い目：院内店舗として、店先と病院側の通行空間の境目、席から見える範囲を観察したい。院内を巡回するのではなく、店舗を利用できる範囲で見る。","https://shop.tullys.co.jp/all?keyword=%E5%A5%BD%E4%BB%81%E4%BC%9A%E6%9D%B1%E5%A4%A7%E7%97%85%E9%99%A2%E5%BA%97","https://www.google.com/maps/search/?api=1&query=%E5%A5%BD%E4%BB%81%E4%BC%9A%E6%9D%B1%E5%A4%A7%E7%97%85%E9%99%A2%E5%BA%97%20%E6%9D%B1%E4%BA%AC%E5%A4%A7%E5%AD%A6%E5%8C%BB%E5%AD%A6%E9%83%A8%E9%99%84%E5%B1%9E%E7%97%85%E9%99%A2%E5%86%85","","","","公式サイト：https://shop.tullys.co.jp/all?keyword=%E5%A5%BD%E4%BB%81%E4%BC%9A%E6%9D%B1%E5%A4%A7%E7%97%85%E9%99%A2%E5%BA%97"
"東京都","練馬区","順天堂大学練馬病院店","","","順天堂大学医学部附属練馬病院内。病院利用者、付き添い、職員が利用する院内店舗。
狙い目：院内店舗として、店先と病院側の通行空間の境目、席から見える範囲を観察したい。院内を巡回するのではなく、店舗を利用できる範囲で見る。","https://shop.tullys.co.jp/all?keyword=%E9%A0%86%E5%A4%A9%E5%A0%82%E5%A4%A7%E5%AD%A6%E7%B7%B4%E9%A6%AC%E7%97%85%E9%99%A2%E5%BA%97","https://www.google.com/maps/search/?api=1&query=%E9%A0%86%E5%A4%A9%E5%A0%82%E5%A4%A7%E5%AD%A6%E7%B7%B4%E9%A6%AC%E7%97%85%E9%99%A2%E5%BA%97%20%E9%A0%86%E5%A4%A9%E5%A0%82%E5%A4%A7%E5%AD%A6%E5%8C%BB%E5%AD%A6%E9%83%A8%E9%99%84%E5%B1%9E%E7%B7%B4%E9%A6%AC%E7%97%85%E9%99%A2%E5%86%85","","","","公式サイト：https://shop.tullys.co.jp/all?keyword=%E9%A0%86%E5%A4%A9%E5%A0%82%E5%A4%A7%E5%AD%A6%E7%B7%B4%E9%A6%AC%E7%97%85%E9%99%A2%E5%BA%97"
"東京都","江東区","がん研有明病院店","","","がん研有明病院内。病院利用者、付き添い、職員が利用する院内店舗。
狙い目：院内店舗として、店先と病院側の通行空間の境目、席から見える範囲を観察したい。院内を巡回するのではなく、店舗を利用できる範囲で見る。","https://shop.tullys.co.jp/all?keyword=%E3%81%8C%E3%82%93%E7%A0%94%E6%9C%89%E6%98%8E%E7%97%85%E9%99%A2%E5%BA%97","https://www.google.com/maps/search/?api=1&query=%E3%81%8C%E3%82%93%E7%A0%94%E6%9C%89%E6%98%8E%E7%97%85%E9%99%A2%E5%BA%97%20%E3%81%8C%E3%82%93%E7%A0%94%E6%9C%89%E6%98%8E%E7%97%85%E9%99%A2%E5%86%85","","","","公式サイト：https://shop.tullys.co.jp/all?keyword=%E3%81%8C%E3%82%93%E7%A0%94%E6%9C%89%E6%98%8E%E7%97%85%E9%99%A2%E5%BA%97"
"東京都","新宿区","国立国際医療センター店","","","国立国際医療センター内。病院利用者、付き添い、職員が利用する院内店舗。
狙い目：院内店舗として、店先と病院側の通行空間の境目、席から見える範囲を観察したい。院内を巡回するのではなく、店舗を利用できる範囲で見る。","https://shop.tullys.co.jp/all?keyword=%E5%9B%BD%E7%AB%8B%E5%9B%BD%E9%9A%9B%E5%8C%BB%E7%99%82%E3%82%BB%E3%83%B3%E3%82%BF%E3%83%BC%E5%BA%97","https://www.google.com/maps/search/?api=1&query=%E5%9B%BD%E7%AB%8B%E5%9B%BD%E9%9A%9B%E5%8C%BB%E7%99%82%E3%82%BB%E3%83%B3%E3%82%BF%E3%83%BC%E5%BA%97%20%E5%9B%BD%E7%AB%8B%E5%9B%BD%E9%9A%9B%E5%8C%BB%E7%99%82%E3%82%BB%E3%83%B3%E3%82%BF%E3%83%BC%E5%86%85","","","","公式サイト：https://shop.tullys.co.jp/all?keyword=%E5%9B%BD%E7%AB%8B%E5%9B%BD%E9%9A%9B%E5%8C%BB%E7%99%82%E3%82%BB%E3%83%B3%E3%82%BF%E3%83%BC%E5%BA%97"
"東京都","武蔵野市","武蔵野赤十字病院店","","","武蔵野赤十字病院内。病院利用者、付き添い、職員が利用する院内店舗。
狙い目：院内店舗として、店先と病院側の通行空間の境目、席から見える範囲を観察したい。院内を巡回するのではなく、店舗を利用できる範囲で見る。","https://shop.tullys.co.jp/all?keyword=%E6%AD%A6%E8%94%B5%E9%87%8E%E8%B5%A4%E5%8D%81%E5%AD%97%E7%97%85%E9%99%A2%E5%BA%97","https://www.google.com/maps/search/?api=1&query=%E6%AD%A6%E8%94%B5%E9%87%8E%E8%B5%A4%E5%8D%81%E5%AD%97%E7%97%85%E9%99%A2%E5%BA%97%20%E6%AD%A6%E8%94%B5%E9%87%8E%E8%B5%A4%E5%8D%81%E5%AD%97%E7%97%85%E9%99%A2%E5%86%85","","","","公式サイト：https://shop.tullys.co.jp/all?keyword=%E6%AD%A6%E8%94%B5%E9%87%8E%E8%B5%A4%E5%8D%81%E5%AD%97%E7%97%85%E9%99%A2%E5%BA%97"
"東京都","品川区","昭和医科大学病院店","","","昭和医科大学病院内。病院利用者、付き添い、職員が利用する院内店舗。
狙い目：院内店舗として、店先と病院側の通行空間の境目、席から見える範囲を観察したい。院内を巡回するのではなく、店舗を利用できる範囲で見る。","https://shop.tullys.co.jp/all?keyword=%E6%98%AD%E5%92%8C%E5%8C%BB%E7%A7%91%E5%A4%A7%E5%AD%A6%E7%97%85%E9%99%A2%E5%BA%97","https://www.google.com/maps/search/?api=1&query=%E6%98%AD%E5%92%8C%E5%8C%BB%E7%A7%91%E5%A4%A7%E5%AD%A6%E7%97%85%E9%99%A2%E5%BA%97%20%E6%98%AD%E5%92%8C%E5%8C%BB%E7%A7%91%E5%A4%A7%E5%AD%A6%E7%97%85%E9%99%A2%E5%86%85","","","","公式サイト：https://shop.tullys.co.jp/all?keyword=%E6%98%AD%E5%92%8C%E5%8C%BB%E7%A7%91%E5%A4%A7%E5%AD%A6%E7%97%85%E9%99%A2%E5%BA%97"
"東京都","小平市","国立精神・神経医療研究センター店","","","国立精神・神経医療研究センター内。病院利用者、付き添い、職員が利用する院内店舗。
狙い目：院内店舗として、店先と病院側の通行空間の境目、席から見える範囲を観察したい。院内を巡回するのではなく、店舗を利用できる範囲で見る。","https://shop.tullys.co.jp/all?keyword=%E5%9B%BD%E7%AB%8B%E7%B2%BE%E7%A5%9E%E3%83%BB%E7%A5%9E%E7%B5%8C%E5%8C%BB%E7%99%82%E7%A0%94%E7%A9%B6%E3%82%BB%E3%83%B3%E3%82%BF%E3%83%BC%E5%BA%97","https://www.google.com/maps/search/?api=1&query=%E5%9B%BD%E7%AB%8B%E7%B2%BE%E7%A5%9E%E3%83%BB%E7%A5%9E%E7%B5%8C%E5%8C%BB%E7%99%82%E7%A0%94%E7%A9%B6%E3%82%BB%E3%83%B3%E3%82%BF%E3%83%BC%E5%BA%97%20%E5%9B%BD%E7%AB%8B%E7%B2%BE%E7%A5%9E%E3%83%BB%E7%A5%9E%E7%B5%8C%E5%8C%BB%E7%99%82%E7%A0%94%E7%A9%B6%E3%82%BB%E3%83%B3%E3%82%BF%E3%83%BC%E5%86%85","","","","公式サイト：https://shop.tullys.co.jp/all?keyword=%E5%9B%BD%E7%AB%8B%E7%B2%BE%E7%A5%9E%E3%83%BB%E7%A5%9E%E7%B5%8C%E5%8C%BB%E7%99%82%E7%A0%94%E7%A9%B6%E3%82%BB%E3%83%B3%E3%82%BF%E3%83%BC%E5%BA%97"
"東京都","新宿区","東京医科大学病院店","","","東京医科大学病院内。病院利用者、付き添い、職員が利用する院内店舗。
狙い目：院内店舗として、店先と病院側の通行空間の境目、席から見える範囲を観察したい。院内を巡回するのではなく、店舗を利用できる範囲で見る。","https://shop.tullys.co.jp/all?keyword=%E6%9D%B1%E4%BA%AC%E5%8C%BB%E7%A7%91%E5%A4%A7%E5%AD%A6%E7%97%85%E9%99%A2%E5%BA%97","https://www.google.com/maps/search/?api=1&query=%E6%9D%B1%E4%BA%AC%E5%8C%BB%E7%A7%91%E5%A4%A7%E5%AD%A6%E7%97%85%E9%99%A2%E5%BA%97%20%E6%9D%B1%E4%BA%AC%E5%8C%BB%E7%A7%91%E5%A4%A7%E5%AD%A6%E7%97%85%E9%99%A2%E5%86%85","","","","公式サイト：https://shop.tullys.co.jp/all?keyword=%E6%9D%B1%E4%BA%AC%E5%8C%BB%E7%A7%91%E5%A4%A7%E5%AD%A6%E7%97%85%E9%99%A2%E5%BA%97"
"東京都","大田区","東邦大森病院店","","","東邦大学医療センター大森病院内。病院利用者、付き添い、職員が利用する院内店舗。
狙い目：院内店舗として、店先と病院側の通行空間の境目、席から見える範囲を観察したい。院内を巡回するのではなく、店舗を利用できる範囲で見る。","https://shop.tullys.co.jp/all?keyword=%E6%9D%B1%E9%82%A6%E5%A4%A7%E6%A3%AE%E7%97%85%E9%99%A2%E5%BA%97","https://www.google.com/maps/search/?api=1&query=%E6%9D%B1%E9%82%A6%E5%A4%A7%E6%A3%AE%E7%97%85%E9%99%A2%E5%BA%97%20%E6%9D%B1%E9%82%A6%E5%A4%A7%E5%AD%A6%E5%8C%BB%E7%99%82%E3%82%BB%E3%83%B3%E3%82%BF%E3%83%BC%E5%A4%A7%E6%A3%AE%E7%97%85%E9%99%A2%E5%86%85","","","","公式サイト：https://shop.tullys.co.jp/all?keyword=%E6%9D%B1%E9%82%A6%E5%A4%A7%E6%A3%AE%E7%97%85%E9%99%A2%E5%BA%97"
"東京都","新宿区","東京女子医科大学病院店","","","東京女子医科大学病院内。病院利用者、付き添い、職員が利用する院内店舗。
狙い目：院内店舗として、店先と病院側の通行空間の境目、席から見える範囲を観察したい。院内を巡回するのではなく、店舗を利用できる範囲で見る。","https://shop.tullys.co.jp/all?keyword=%E6%9D%B1%E4%BA%AC%E5%A5%B3%E5%AD%90%E5%8C%BB%E7%A7%91%E5%A4%A7%E5%AD%A6%E7%97%85%E9%99%A2%E5%BA%97","https://www.google.com/maps/search/?api=1&query=%E6%9D%B1%E4%BA%AC%E5%A5%B3%E5%AD%90%E5%8C%BB%E7%A7%91%E5%A4%A7%E5%AD%A6%E7%97%85%E9%99%A2%E5%BA%97%20%E6%9D%B1%E4%BA%AC%E5%A5%B3%E5%AD%90%E5%8C%BB%E7%A7%91%E5%A4%A7%E5%AD%A6%E7%97%85%E9%99%A2%E5%86%85","","","","公式サイト：https://shop.tullys.co.jp/all?keyword=%E6%9D%B1%E4%BA%AC%E5%A5%B3%E5%AD%90%E5%8C%BB%E7%A7%91%E5%A4%A7%E5%AD%A6%E7%97%85%E9%99%A2%E5%BA%97"
"神奈川県","横浜市中区","横浜市立みなと赤十字病院店","","","横浜市立みなと赤十字病院内。病院利用者、付き添い、職員が利用する院内店舗。
狙い目：院内店舗として、店先と病院側の通行空間の境目、席から見える範囲を観察したい。院内を巡回するのではなく、店舗を利用できる範囲で見る。","https://shop.tullys.co.jp/all?keyword=%E6%A8%AA%E6%B5%9C%E5%B8%82%E7%AB%8B%E3%81%BF%E3%81%AA%E3%81%A8%E8%B5%A4%E5%8D%81%E5%AD%97%E7%97%85%E9%99%A2%E5%BA%97","https://www.google.com/maps/search/?api=1&query=%E6%A8%AA%E6%B5%9C%E5%B8%82%E7%AB%8B%E3%81%BF%E3%81%AA%E3%81%A8%E8%B5%A4%E5%8D%81%E5%AD%97%E7%97%85%E9%99%A2%E5%BA%97%20%E6%A8%AA%E6%B5%9C%E5%B8%82%E7%AB%8B%E3%81%BF%E3%81%AA%E3%81%A8%E8%B5%A4%E5%8D%81%E5%AD%97%E7%97%85%E9%99%A2%E5%86%85","","","","公式サイト：https://shop.tullys.co.jp/all?keyword=%E6%A8%AA%E6%B5%9C%E5%B8%82%E7%AB%8B%E3%81%BF%E3%81%AA%E3%81%A8%E8%B5%A4%E5%8D%81%E5%AD%97%E7%97%85%E9%99%A2%E5%BA%97"
"神奈川県","横浜市青葉区","昭和医科大学藤が丘病院店","","","昭和医科大学藤が丘病院内。病院利用者、付き添い、職員が利用する院内店舗。
狙い目：院内店舗として、店先と病院側の通行空間の境目、席から見える範囲を観察したい。院内を巡回するのではなく、店舗を利用できる範囲で見る。","https://shop.tullys.co.jp/all?keyword=%E6%98%AD%E5%92%8C%E5%8C%BB%E7%A7%91%E5%A4%A7%E5%AD%A6%E8%97%A4%E3%81%8C%E4%B8%98%E7%97%85%E9%99%A2%E5%BA%97","https://www.google.com/maps/search/?api=1&query=%E6%98%AD%E5%92%8C%E5%8C%BB%E7%A7%91%E5%A4%A7%E5%AD%A6%E8%97%A4%E3%81%8C%E4%B8%98%E7%97%85%E9%99%A2%E5%BA%97%20%E6%98%AD%E5%92%8C%E5%8C%BB%E7%A7%91%E5%A4%A7%E5%AD%A6%E8%97%A4%E3%81%8C%E4%B8%98%E7%97%85%E9%99%A2%E5%86%85","","","","公式サイト：https://shop.tullys.co.jp/all?keyword=%E6%98%AD%E5%92%8C%E5%8C%BB%E7%A7%91%E5%A4%A7%E5%AD%A6%E8%97%A4%E3%81%8C%E4%B8%98%E7%97%85%E9%99%A2%E5%BA%97"
"神奈川県","藤沢市","湘南藤沢徳洲会病院店","","","湘南藤沢徳洲会病院内。病院利用者、付き添い、職員が利用する院内店舗。
狙い目：院内店舗として、店先と病院側の通行空間の境目、席から見える範囲を観察したい。院内を巡回するのではなく、店舗を利用できる範囲で見る。","https://shop.tullys.co.jp/all?keyword=%E6%B9%98%E5%8D%97%E8%97%A4%E6%B2%A2%E5%BE%B3%E6%B4%B2%E4%BC%9A%E7%97%85%E9%99%A2%E5%BA%97","https://www.google.com/maps/search/?api=1&query=%E6%B9%98%E5%8D%97%E8%97%A4%E6%B2%A2%E5%BE%B3%E6%B4%B2%E4%BC%9A%E7%97%85%E9%99%A2%E5%BA%97%20%E6%B9%98%E5%8D%97%E8%97%A4%E6%B2%A2%E5%BE%B3%E6%B4%B2%E4%BC%9A%E7%97%85%E9%99%A2%E5%86%85","","","","公式サイト：https://shop.tullys.co.jp/all?keyword=%E6%B9%98%E5%8D%97%E8%97%A4%E6%B2%A2%E5%BE%B3%E6%B4%B2%E4%BC%9A%E7%97%85%E9%99%A2%E5%BA%97"
"神奈川県","川崎市宮前区","聖マリアンナ医科大学病院店","","","聖マリアンナ医科大学病院内。病院利用者、付き添い、職員が利用する院内店舗。
狙い目：院内店舗として、店先と病院側の通行空間の境目、席から見える範囲を観察したい。院内を巡回するのではなく、店舗を利用できる範囲で見る。","https://shop.tullys.co.jp/all?keyword=%E8%81%96%E3%83%9E%E3%83%AA%E3%82%A2%E3%83%B3%E3%83%8A%E5%8C%BB%E7%A7%91%E5%A4%A7%E5%AD%A6%E7%97%85%E9%99%A2%E5%BA%97","https://www.google.com/maps/search/?api=1&query=%E8%81%96%E3%83%9E%E3%83%AA%E3%82%A2%E3%83%B3%E3%83%8A%E5%8C%BB%E7%A7%91%E5%A4%A7%E5%AD%A6%E7%97%85%E9%99%A2%E5%BA%97%20%E8%81%96%E3%83%9E%E3%83%AA%E3%82%A2%E3%83%B3%E3%83%8A%E5%8C%BB%E7%A7%91%E5%A4%A7%E5%AD%A6%E7%97%85%E9%99%A2%E5%86%85","","","","公式サイト：https://shop.tullys.co.jp/all?keyword=%E8%81%96%E3%83%9E%E3%83%AA%E3%82%A2%E3%83%B3%E3%83%8A%E5%8C%BB%E7%A7%91%E5%A4%A7%E5%AD%A6%E7%97%85%E9%99%A2%E5%BA%97"
"富山県","富山市","富山県立中央病院店","","","富山県立中央病院内。病院利用者、付き添い、職員が利用する院内店舗。
狙い目：院内店舗として、店先と病院側の通行空間の境目、席から見える範囲を観察したい。院内を巡回するのではなく、店舗を利用できる範囲で見る。","https://shop.tullys.co.jp/all?keyword=%E5%AF%8C%E5%B1%B1%E7%9C%8C%E7%AB%8B%E4%B8%AD%E5%A4%AE%E7%97%85%E9%99%A2%E5%BA%97","https://www.google.com/maps/search/?api=1&query=%E5%AF%8C%E5%B1%B1%E7%9C%8C%E7%AB%8B%E4%B8%AD%E5%A4%AE%E7%97%85%E9%99%A2%E5%BA%97%20%E5%AF%8C%E5%B1%B1%E7%9C%8C%E7%AB%8B%E4%B8%AD%E5%A4%AE%E7%97%85%E9%99%A2%E5%86%85","","","","公式サイト：https://shop.tullys.co.jp/all?keyword=%E5%AF%8C%E5%B1%B1%E7%9C%8C%E7%AB%8B%E4%B8%AD%E5%A4%AE%E7%97%85%E9%99%A2%E5%BA%97"
"石川県","金沢市","金沢大学病院店","","","金沢大学附属病院内。病院利用者、付き添い、職員が利用する院内店舗。
狙い目：院内店舗として、店先と病院側の通行空間の境目、席から見える範囲を観察したい。院内を巡回するのではなく、店舗を利用できる範囲で見る。","https://shop.tullys.co.jp/all?keyword=%E9%87%91%E6%B2%A2%E5%A4%A7%E5%AD%A6%E7%97%85%E9%99%A2%E5%BA%97","https://www.google.com/maps/search/?api=1&query=%E9%87%91%E6%B2%A2%E5%A4%A7%E5%AD%A6%E7%97%85%E9%99%A2%E5%BA%97%20%E9%87%91%E6%B2%A2%E5%A4%A7%E5%AD%A6%E9%99%84%E5%B1%9E%E7%97%85%E9%99%A2%E5%86%85","","","","公式サイト：https://shop.tullys.co.jp/all?keyword=%E9%87%91%E6%B2%A2%E5%A4%A7%E5%AD%A6%E7%97%85%E9%99%A2%E5%BA%97"
"福井県","吉田郡永平寺町","福井大学病院店","","","福井大学医学部附属病院内。病院利用者、付き添い、職員が利用する院内店舗。
狙い目：院内店舗として、店先と病院側の通行空間の境目、席から見える範囲を観察したい。院内を巡回するのではなく、店舗を利用できる範囲で見る。","https://shop.tullys.co.jp/all?keyword=%E7%A6%8F%E4%BA%95%E5%A4%A7%E5%AD%A6%E7%97%85%E9%99%A2%E5%BA%97","https://www.google.com/maps/search/?api=1&query=%E7%A6%8F%E4%BA%95%E5%A4%A7%E5%AD%A6%E7%97%85%E9%99%A2%E5%BA%97%20%E7%A6%8F%E4%BA%95%E5%A4%A7%E5%AD%A6%E5%8C%BB%E5%AD%A6%E9%83%A8%E9%99%84%E5%B1%9E%E7%97%85%E9%99%A2%E5%86%85","","","","公式サイト：https://shop.tullys.co.jp/all?keyword=%E7%A6%8F%E4%BA%95%E5%A4%A7%E5%AD%A6%E7%97%85%E9%99%A2%E5%BA%97"
"福井県","福井市","福井赤十字病院店","","","福井赤十字病院内。病院利用者、付き添い、職員が利用する院内店舗。
狙い目：院内店舗として、店先と病院側の通行空間の境目、席から見える範囲を観察したい。院内を巡回するのではなく、店舗を利用できる範囲で見る。","https://shop.tullys.co.jp/all?keyword=%E7%A6%8F%E4%BA%95%E8%B5%A4%E5%8D%81%E5%AD%97%E7%97%85%E9%99%A2%E5%BA%97","https://www.google.com/maps/search/?api=1&query=%E7%A6%8F%E4%BA%95%E8%B5%A4%E5%8D%81%E5%AD%97%E7%97%85%E9%99%A2%E5%BA%97%20%E7%A6%8F%E4%BA%95%E8%B5%A4%E5%8D%81%E5%AD%97%E7%97%85%E9%99%A2%E5%86%85","","","","公式サイト：https://shop.tullys.co.jp/all?keyword=%E7%A6%8F%E4%BA%95%E8%B5%A4%E5%8D%81%E5%AD%97%E7%97%85%E9%99%A2%E5%BA%97"
"長野県","長野市","長野赤十字病院店","","","長野赤十字病院内。病院利用者、付き添い、職員が利用する院内店舗。
狙い目：院内店舗として、店先と病院側の通行空間の境目、席から見える範囲を観察したい。院内を巡回するのではなく、店舗を利用できる範囲で見る。","https://shop.tullys.co.jp/all?keyword=%E9%95%B7%E9%87%8E%E8%B5%A4%E5%8D%81%E5%AD%97%E7%97%85%E9%99%A2%E5%BA%97","https://www.google.com/maps/search/?api=1&query=%E9%95%B7%E9%87%8E%E8%B5%A4%E5%8D%81%E5%AD%97%E7%97%85%E9%99%A2%E5%BA%97%20%E9%95%B7%E9%87%8E%E8%B5%A4%E5%8D%81%E5%AD%97%E7%97%85%E9%99%A2%E5%86%85","","","","公式サイト：https://shop.tullys.co.jp/all?keyword=%E9%95%B7%E9%87%8E%E8%B5%A4%E5%8D%81%E5%AD%97%E7%97%85%E9%99%A2%E5%BA%97"
"京都府","京都市左京区","京都大学病院店","","","京都大学医学部附属病院内。病院利用者、付き添い、職員が利用する院内店舗。
狙い目：院内店舗として、店先と病院側の通行空間の境目、席から見える範囲を観察したい。院内を巡回するのではなく、店舗を利用できる範囲で見る。","https://shop.tullys.co.jp/all?keyword=%E4%BA%AC%E9%83%BD%E5%A4%A7%E5%AD%A6%E7%97%85%E9%99%A2%E5%BA%97","https://www.google.com/maps/search/?api=1&query=%E4%BA%AC%E9%83%BD%E5%A4%A7%E5%AD%A6%E7%97%85%E9%99%A2%E5%BA%97%20%E4%BA%AC%E9%83%BD%E5%A4%A7%E5%AD%A6%E5%8C%BB%E5%AD%A6%E9%83%A8%E9%99%84%E5%B1%9E%E7%97%85%E9%99%A2%E5%86%85","","","","公式サイト：https://shop.tullys.co.jp/all?keyword=%E4%BA%AC%E9%83%BD%E5%A4%A7%E5%AD%A6%E7%97%85%E9%99%A2%E5%BA%97"
"滋賀県","大津市","滋賀医大病院店","","","滋賀医科大学医学部附属病院内。病院利用者、付き添い、職員が利用する院内店舗。
狙い目：院内店舗として、店先と病院側の通行空間の境目、席から見える範囲を観察したい。院内を巡回するのではなく、店舗を利用できる範囲で見る。","https://shop.tullys.co.jp/all?keyword=%E6%BB%8B%E8%B3%80%E5%8C%BB%E5%A4%A7%E7%97%85%E9%99%A2%E5%BA%97","https://www.google.com/maps/search/?api=1&query=%E6%BB%8B%E8%B3%80%E5%8C%BB%E5%A4%A7%E7%97%85%E9%99%A2%E5%BA%97%20%E6%BB%8B%E8%B3%80%E5%8C%BB%E7%A7%91%E5%A4%A7%E5%AD%A6%E5%8C%BB%E5%AD%A6%E9%83%A8%E9%99%84%E5%B1%9E%E7%97%85%E9%99%A2%E5%86%85","","","","公式サイト：https://shop.tullys.co.jp/all?keyword=%E6%BB%8B%E8%B3%80%E5%8C%BB%E5%A4%A7%E7%97%85%E9%99%A2%E5%BA%97"
"大阪府","大阪市福島区","JCHO大阪病院店","","","JCHO大阪病院内。病院利用者、付き添い、職員が利用する院内店舗。
狙い目：院内店舗として、店先と病院側の通行空間の境目、席から見える範囲を観察したい。院内を巡回するのではなく、店舗を利用できる範囲で見る。","https://shop.tullys.co.jp/all?keyword=JCHO%E5%A4%A7%E9%98%AA%E7%97%85%E9%99%A2%E5%BA%97","https://www.google.com/maps/search/?api=1&query=JCHO%E5%A4%A7%E9%98%AA%E7%97%85%E9%99%A2%E5%BA%97%20JCHO%E5%A4%A7%E9%98%AA%E7%97%85%E9%99%A2%E5%86%85","","","","公式サイト：https://shop.tullys.co.jp/all?keyword=JCHO%E5%A4%A7%E9%98%AA%E7%97%85%E9%99%A2%E5%BA%97"
"大阪府","大阪市天王寺区","大阪赤十字病院店","","","大阪赤十字病院内。病院利用者、付き添い、職員が利用する院内店舗。
狙い目：院内店舗として、店先と病院側の通行空間の境目、席から見える範囲を観察したい。院内を巡回するのではなく、店舗を利用できる範囲で見る。","https://shop.tullys.co.jp/all?keyword=%E5%A4%A7%E9%98%AA%E8%B5%A4%E5%8D%81%E5%AD%97%E7%97%85%E9%99%A2%E5%BA%97","https://www.google.com/maps/search/?api=1&query=%E5%A4%A7%E9%98%AA%E8%B5%A4%E5%8D%81%E5%AD%97%E7%97%85%E9%99%A2%E5%BA%97%20%E5%A4%A7%E9%98%AA%E8%B5%A4%E5%8D%81%E5%AD%97%E7%97%85%E9%99%A2%E5%86%85","","","","公式サイト：https://shop.tullys.co.jp/all?keyword=%E5%A4%A7%E9%98%AA%E8%B5%A4%E5%8D%81%E5%AD%97%E7%97%85%E9%99%A2%E5%BA%97"
"大阪府","大阪市住吉区","府立総合医療センター店","","","大阪府立病院機構大阪急性期・総合医療センター内。病院利用者、付き添い、職員が利用する院内店舗。
狙い目：院内店舗として、店先と病院側の通行空間の境目、席から見える範囲を観察したい。院内を巡回するのではなく、店舗を利用できる範囲で見る。","https://shop.tullys.co.jp/all?keyword=%E5%BA%9C%E7%AB%8B%E7%B7%8F%E5%90%88%E5%8C%BB%E7%99%82%E3%82%BB%E3%83%B3%E3%82%BF%E3%83%BC%E5%BA%97","https://www.google.com/maps/search/?api=1&query=%E5%BA%9C%E7%AB%8B%E7%B7%8F%E5%90%88%E5%8C%BB%E7%99%82%E3%82%BB%E3%83%B3%E3%82%BF%E3%83%BC%E5%BA%97%20%E5%A4%A7%E9%98%AA%E5%BA%9C%E7%AB%8B%E7%97%85%E9%99%A2%E6%A9%9F%E6%A7%8B%E5%A4%A7%E9%98%AA%E6%80%A5%E6%80%A7%E6%9C%9F%E3%83%BB%E7%B7%8F%E5%90%88%E5%8C%BB%E7%99%82%E3%82%BB%E3%83%B3%E3%82%BF%E3%83%BC%E5%86%85","","","","公式サイト：https://shop.tullys.co.jp/all?keyword=%E5%BA%9C%E7%AB%8B%E7%B7%8F%E5%90%88%E5%8C%BB%E7%99%82%E3%82%BB%E3%83%B3%E3%82%BF%E3%83%BC%E5%BA%97"
"兵庫県","神戸市中央区","神戸中央市民病院店","","","神戸市立医療センター中央市民病院内。病院利用者、付き添い、職員が利用する院内店舗。
狙い目：院内店舗として、店先と病院側の通行空間の境目、席から見える範囲を観察したい。院内を巡回するのではなく、店舗を利用できる範囲で見る。","https://shop.tullys.co.jp/all?keyword=%E7%A5%9E%E6%88%B8%E4%B8%AD%E5%A4%AE%E5%B8%82%E6%B0%91%E7%97%85%E9%99%A2%E5%BA%97","https://www.google.com/maps/search/?api=1&query=%E7%A5%9E%E6%88%B8%E4%B8%AD%E5%A4%AE%E5%B8%82%E6%B0%91%E7%97%85%E9%99%A2%E5%BA%97%20%E7%A5%9E%E6%88%B8%E5%B8%82%E7%AB%8B%E5%8C%BB%E7%99%82%E3%82%BB%E3%83%B3%E3%82%BF%E3%83%BC%E4%B8%AD%E5%A4%AE%E5%B8%82%E6%B0%91%E7%97%85%E9%99%A2%E5%86%85","","","","公式サイト：https://shop.tullys.co.jp/all?keyword=%E7%A5%9E%E6%88%B8%E4%B8%AD%E5%A4%AE%E5%B8%82%E6%B0%91%E7%97%85%E9%99%A2%E5%BA%97"
"兵庫県","西宮市","兵庫医科大学病院店","","","兵庫医科大学病院内。病院利用者、付き添い、職員が利用する院内店舗。
狙い目：院内店舗として、店先と病院側の通行空間の境目、席から見える範囲を観察したい。院内を巡回するのではなく、店舗を利用できる範囲で見る。","https://shop.tullys.co.jp/all?keyword=%E5%85%B5%E5%BA%AB%E5%8C%BB%E7%A7%91%E5%A4%A7%E5%AD%A6%E7%97%85%E9%99%A2%E5%BA%97","https://www.google.com/maps/search/?api=1&query=%E5%85%B5%E5%BA%AB%E5%8C%BB%E7%A7%91%E5%A4%A7%E5%AD%A6%E7%97%85%E9%99%A2%E5%BA%97%20%E5%85%B5%E5%BA%AB%E5%8C%BB%E7%A7%91%E5%A4%A7%E5%AD%A6%E7%97%85%E9%99%A2%E5%86%85","","","","公式サイト：https://shop.tullys.co.jp/all?keyword=%E5%85%B5%E5%BA%AB%E5%8C%BB%E7%A7%91%E5%A4%A7%E5%AD%A6%E7%97%85%E9%99%A2%E5%BA%97"
"兵庫県","加古川市","加古川中央市民病院店","","","加古川中央市民病院内。病院利用者、付き添い、職員が利用する院内店舗。
狙い目：院内店舗として、店先と病院側の通行空間の境目、席から見える範囲を観察したい。院内を巡回するのではなく、店舗を利用できる範囲で見る。","https://shop.tullys.co.jp/all?keyword=%E5%8A%A0%E5%8F%A4%E5%B7%9D%E4%B8%AD%E5%A4%AE%E5%B8%82%E6%B0%91%E7%97%85%E9%99%A2%E5%BA%97","https://www.google.com/maps/search/?api=1&query=%E5%8A%A0%E5%8F%A4%E5%B7%9D%E4%B8%AD%E5%A4%AE%E5%B8%82%E6%B0%91%E7%97%85%E9%99%A2%E5%BA%97%20%E5%8A%A0%E5%8F%A4%E5%B7%9D%E4%B8%AD%E5%A4%AE%E5%B8%82%E6%B0%91%E7%97%85%E9%99%A2%E5%86%85","","","","公式サイト：https://shop.tullys.co.jp/all?keyword=%E5%8A%A0%E5%8F%A4%E5%B7%9D%E4%B8%AD%E5%A4%AE%E5%B8%82%E6%B0%91%E7%97%85%E9%99%A2%E5%BA%97"
"和歌山県","和歌山市","日本赤十字社和歌山医療センター店","","","日本赤十字社和歌山医療センター内。病院利用者、付き添い、職員が利用する院内店舗。
狙い目：院内店舗として、店先と病院側の通行空間の境目、席から見える範囲を観察したい。院内を巡回するのではなく、店舗を利用できる範囲で見る。","https://shop.tullys.co.jp/all?keyword=%E6%97%A5%E6%9C%AC%E8%B5%A4%E5%8D%81%E5%AD%97%E7%A4%BE%E5%92%8C%E6%AD%8C%E5%B1%B1%E5%8C%BB%E7%99%82%E3%82%BB%E3%83%B3%E3%82%BF%E3%83%BC%E5%BA%97","https://www.google.com/maps/search/?api=1&query=%E6%97%A5%E6%9C%AC%E8%B5%A4%E5%8D%81%E5%AD%97%E7%A4%BE%E5%92%8C%E6%AD%8C%E5%B1%B1%E5%8C%BB%E7%99%82%E3%82%BB%E3%83%B3%E3%82%BF%E3%83%BC%E5%BA%97%20%E6%97%A5%E6%9C%AC%E8%B5%A4%E5%8D%81%E5%AD%97%E7%A4%BE%E5%92%8C%E6%AD%8C%E5%B1%B1%E5%8C%BB%E7%99%82%E3%82%BB%E3%83%B3%E3%82%BF%E3%83%BC%E5%86%85","","","","公式サイト：https://shop.tullys.co.jp/all?keyword=%E6%97%A5%E6%9C%AC%E8%B5%A4%E5%8D%81%E5%AD%97%E7%A4%BE%E5%92%8C%E6%AD%8C%E5%B1%B1%E5%8C%BB%E7%99%82%E3%82%BB%E3%83%B3%E3%82%BF%E3%83%BC%E5%BA%97"
"鳥取県","米子市","鳥取大学医学部附属病院店","","","鳥取大学医学部附属病院内。病院利用者、付き添い、職員が利用する院内店舗。
狙い目：院内店舗として、店先と病院側の通行空間の境目、席から見える範囲を観察したい。院内を巡回するのではなく、店舗を利用できる範囲で見る。","https://shop.tullys.co.jp/all?keyword=%E9%B3%A5%E5%8F%96%E5%A4%A7%E5%AD%A6%E5%8C%BB%E5%AD%A6%E9%83%A8%E9%99%84%E5%B1%9E%E7%97%85%E9%99%A2%E5%BA%97","https://www.google.com/maps/search/?api=1&query=%E9%B3%A5%E5%8F%96%E5%A4%A7%E5%AD%A6%E5%8C%BB%E5%AD%A6%E9%83%A8%E9%99%84%E5%B1%9E%E7%97%85%E9%99%A2%E5%BA%97%20%E9%B3%A5%E5%8F%96%E5%A4%A7%E5%AD%A6%E5%8C%BB%E5%AD%A6%E9%83%A8%E9%99%84%E5%B1%9E%E7%97%85%E9%99%A2%E5%86%85","","","","公式サイト：https://shop.tullys.co.jp/all?keyword=%E9%B3%A5%E5%8F%96%E5%A4%A7%E5%AD%A6%E5%8C%BB%E5%AD%A6%E9%83%A8%E9%99%84%E5%B1%9E%E7%97%85%E9%99%A2%E5%BA%97"
"岡山県","岡山市北区","岡山市民病院店","","","岡山市立市民病院内。病院利用者、付き添い、職員が利用する院内店舗。
狙い目：院内店舗として、店先と病院側の通行空間の境目、席から見える範囲を観察したい。院内を巡回するのではなく、店舗を利用できる範囲で見る。","https://shop.tullys.co.jp/all?keyword=%E5%B2%A1%E5%B1%B1%E5%B8%82%E6%B0%91%E7%97%85%E9%99%A2%E5%BA%97","https://www.google.com/maps/search/?api=1&query=%E5%B2%A1%E5%B1%B1%E5%B8%82%E6%B0%91%E7%97%85%E9%99%A2%E5%BA%97%20%E5%B2%A1%E5%B1%B1%E5%B8%82%E7%AB%8B%E5%B8%82%E6%B0%91%E7%97%85%E9%99%A2%E5%86%85","","","","公式サイト：https://shop.tullys.co.jp/all?keyword=%E5%B2%A1%E5%B1%B1%E5%B8%82%E6%B0%91%E7%97%85%E9%99%A2%E5%BA%97"
"山口県","宇部市","山口大学医学部附属病院店","","","山口大学医学部附属病院内。病院利用者、付き添い、職員が利用する院内店舗。
狙い目：院内店舗として、店先と病院側の通行空間の境目、席から見える範囲を観察したい。院内を巡回するのではなく、店舗を利用できる範囲で見る。","https://shop.tullys.co.jp/all?keyword=%E5%B1%B1%E5%8F%A3%E5%A4%A7%E5%AD%A6%E5%8C%BB%E5%AD%A6%E9%83%A8%E9%99%84%E5%B1%9E%E7%97%85%E9%99%A2%E5%BA%97","https://www.google.com/maps/search/?api=1&query=%E5%B1%B1%E5%8F%A3%E5%A4%A7%E5%AD%A6%E5%8C%BB%E5%AD%A6%E9%83%A8%E9%99%84%E5%B1%9E%E7%97%85%E9%99%A2%E5%BA%97%20%E5%B1%B1%E5%8F%A3%E5%A4%A7%E5%AD%A6%E5%8C%BB%E5%AD%A6%E9%83%A8%E9%99%84%E5%B1%9E%E7%97%85%E9%99%A2%E5%86%85","","","","公式サイト：https://shop.tullys.co.jp/all?keyword=%E5%B1%B1%E5%8F%A3%E5%A4%A7%E5%AD%A6%E5%8C%BB%E5%AD%A6%E9%83%A8%E9%99%84%E5%B1%9E%E7%97%85%E9%99%A2%E5%BA%97"
"山口県","防府市","山口県立総合医療センター店","","","山口県立総合医療センター内。病院利用者、付き添い、職員が利用する院内店舗。
狙い目：院内店舗として、店先と病院側の通行空間の境目、席から見える範囲を観察したい。院内を巡回するのではなく、店舗を利用できる範囲で見る。","https://shop.tullys.co.jp/all?keyword=%E5%B1%B1%E5%8F%A3%E7%9C%8C%E7%AB%8B%E7%B7%8F%E5%90%88%E5%8C%BB%E7%99%82%E3%82%BB%E3%83%B3%E3%82%BF%E3%83%BC%E5%BA%97","https://www.google.com/maps/search/?api=1&query=%E5%B1%B1%E5%8F%A3%E7%9C%8C%E7%AB%8B%E7%B7%8F%E5%90%88%E5%8C%BB%E7%99%82%E3%82%BB%E3%83%B3%E3%82%BF%E3%83%BC%E5%BA%97%20%E5%B1%B1%E5%8F%A3%E7%9C%8C%E7%AB%8B%E7%B7%8F%E5%90%88%E5%8C%BB%E7%99%82%E3%82%BB%E3%83%B3%E3%82%BF%E3%83%BC%E5%86%85","","","","公式サイト：https://shop.tullys.co.jp/all?keyword=%E5%B1%B1%E5%8F%A3%E7%9C%8C%E7%AB%8B%E7%B7%8F%E5%90%88%E5%8C%BB%E7%99%82%E3%82%BB%E3%83%B3%E3%82%BF%E3%83%BC%E5%BA%97"
"山口県","岩国市","岩国医療センター店","","","国立病院機構岩国医療センター内。病院利用者、付き添い、職員が利用する院内店舗。
狙い目：院内店舗として、店先と病院側の通行空間の境目、席から見える範囲を観察したい。院内を巡回するのではなく、店舗を利用できる範囲で見る。","https://shop.tullys.co.jp/all?keyword=%E5%B2%A9%E5%9B%BD%E5%8C%BB%E7%99%82%E3%82%BB%E3%83%B3%E3%82%BF%E3%83%BC%E5%BA%97","https://www.google.com/maps/search/?api=1&query=%E5%B2%A9%E5%9B%BD%E5%8C%BB%E7%99%82%E3%82%BB%E3%83%B3%E3%82%BF%E3%83%BC%E5%BA%97%20%E5%9B%BD%E7%AB%8B%E7%97%85%E9%99%A2%E6%A9%9F%E6%A7%8B%E5%B2%A9%E5%9B%BD%E5%8C%BB%E7%99%82%E3%82%BB%E3%83%B3%E3%82%BF%E3%83%BC%E5%86%85","","","","公式サイト：https://shop.tullys.co.jp/all?keyword=%E5%B2%A9%E5%9B%BD%E5%8C%BB%E7%99%82%E3%82%BB%E3%83%B3%E3%82%BF%E3%83%BC%E5%BA%97"
"徳島県","徳島市","徳島大学病院店","","","徳島大学病院内。病院利用者、付き添い、職員が利用する院内店舗。
狙い目：院内店舗として、店先と病院側の通行空間の境目、席から見える範囲を観察したい。院内を巡回するのではなく、店舗を利用できる範囲で見る。","https://shop.tullys.co.jp/all?keyword=%E5%BE%B3%E5%B3%B6%E5%A4%A7%E5%AD%A6%E7%97%85%E9%99%A2%E5%BA%97","https://www.google.com/maps/search/?api=1&query=%E5%BE%B3%E5%B3%B6%E5%A4%A7%E5%AD%A6%E7%97%85%E9%99%A2%E5%BA%97%20%E5%BE%B3%E5%B3%B6%E5%A4%A7%E5%AD%A6%E7%97%85%E9%99%A2%E5%86%85","","","","公式サイト：https://shop.tullys.co.jp/all?keyword=%E5%BE%B3%E5%B3%B6%E5%A4%A7%E5%AD%A6%E7%97%85%E9%99%A2%E5%BA%97"
"愛媛県","松山市","松山赤十字病院店","","","松山赤十字病院内。病院利用者、付き添い、職員が利用する院内店舗。
狙い目：院内店舗として、店先と病院側の通行空間の境目、席から見える範囲を観察したい。院内を巡回するのではなく、店舗を利用できる範囲で見る。","https://shop.tullys.co.jp/all?keyword=%E6%9D%BE%E5%B1%B1%E8%B5%A4%E5%8D%81%E5%AD%97%E7%97%85%E9%99%A2%E5%BA%97","https://www.google.com/maps/search/?api=1&query=%E6%9D%BE%E5%B1%B1%E8%B5%A4%E5%8D%81%E5%AD%97%E7%97%85%E9%99%A2%E5%BA%97%20%E6%9D%BE%E5%B1%B1%E8%B5%A4%E5%8D%81%E5%AD%97%E7%97%85%E9%99%A2%E5%86%85","","","","公式サイト：https://shop.tullys.co.jp/all?keyword=%E6%9D%BE%E5%B1%B1%E8%B5%A4%E5%8D%81%E5%AD%97%E7%97%85%E9%99%A2%E5%BA%97"
"愛媛県","東温市","愛媛大学病院店","","","愛媛大学医学部附属病院内。病院利用者、付き添い、職員が利用する院内店舗。
狙い目：院内店舗として、店先と病院側の通行空間の境目、席から見える範囲を観察したい。院内を巡回するのではなく、店舗を利用できる範囲で見る。","https://shop.tullys.co.jp/all?keyword=%E6%84%9B%E5%AA%9B%E5%A4%A7%E5%AD%A6%E7%97%85%E9%99%A2%E5%BA%97","https://www.google.com/maps/search/?api=1&query=%E6%84%9B%E5%AA%9B%E5%A4%A7%E5%AD%A6%E7%97%85%E9%99%A2%E5%BA%97%20%E6%84%9B%E5%AA%9B%E5%A4%A7%E5%AD%A6%E5%8C%BB%E5%AD%A6%E9%83%A8%E9%99%84%E5%B1%9E%E7%97%85%E9%99%A2%E5%86%85","","","","公式サイト：https://shop.tullys.co.jp/all?keyword=%E6%84%9B%E5%AA%9B%E5%A4%A7%E5%AD%A6%E7%97%85%E9%99%A2%E5%BA%97"
"高知県","南国市","高知大学病院店","","","高知大学医学部附属病院内。病院利用者、付き添い、職員が利用する院内店舗。
狙い目：院内店舗として、店先と病院側の通行空間の境目、席から見える範囲を観察したい。院内を巡回するのではなく、店舗を利用できる範囲で見る。","https://shop.tullys.co.jp/all?keyword=%E9%AB%98%E7%9F%A5%E5%A4%A7%E5%AD%A6%E7%97%85%E9%99%A2%E5%BA%97","https://www.google.com/maps/search/?api=1&query=%E9%AB%98%E7%9F%A5%E5%A4%A7%E5%AD%A6%E7%97%85%E9%99%A2%E5%BA%97%20%E9%AB%98%E7%9F%A5%E5%A4%A7%E5%AD%A6%E5%8C%BB%E5%AD%A6%E9%83%A8%E9%99%84%E5%B1%9E%E7%97%85%E9%99%A2%E5%86%85","","","","公式サイト：https://shop.tullys.co.jp/all?keyword=%E9%AB%98%E7%9F%A5%E5%A4%A7%E5%AD%A6%E7%97%85%E9%99%A2%E5%BA%97"
"福岡県","福岡市東区","九州大学病院店","","","九州大学病院内。病院利用者、付き添い、職員が利用する院内店舗。
狙い目：院内店舗として、店先と病院側の通行空間の境目、席から見える範囲を観察したい。院内を巡回するのではなく、店舗を利用できる範囲で見る。","https://shop.tullys.co.jp/all?keyword=%E4%B9%9D%E5%B7%9E%E5%A4%A7%E5%AD%A6%E7%97%85%E9%99%A2%E5%BA%97","https://www.google.com/maps/search/?api=1&query=%E4%B9%9D%E5%B7%9E%E5%A4%A7%E5%AD%A6%E7%97%85%E9%99%A2%E5%BA%97%20%E4%B9%9D%E5%B7%9E%E5%A4%A7%E5%AD%A6%E7%97%85%E9%99%A2%E5%86%85","","","","公式サイト：https://shop.tullys.co.jp/all?keyword=%E4%B9%9D%E5%B7%9E%E5%A4%A7%E5%AD%A6%E7%97%85%E9%99%A2%E5%BA%97"
"福岡県","北九州市八幡西区","産業医科大学病院店","","","産業医科大学病院内。病院利用者、付き添い、職員が利用する院内店舗。
狙い目：院内店舗として、店先と病院側の通行空間の境目、席から見える範囲を観察したい。院内を巡回するのではなく、店舗を利用できる範囲で見る。","https://shop.tullys.co.jp/all?keyword=%E7%94%A3%E6%A5%AD%E5%8C%BB%E7%A7%91%E5%A4%A7%E5%AD%A6%E7%97%85%E9%99%A2%E5%BA%97","https://www.google.com/maps/search/?api=1&query=%E7%94%A3%E6%A5%AD%E5%8C%BB%E7%A7%91%E5%A4%A7%E5%AD%A6%E7%97%85%E9%99%A2%E5%BA%97%20%E7%94%A3%E6%A5%AD%E5%8C%BB%E7%A7%91%E5%A4%A7%E5%AD%A6%E7%97%85%E9%99%A2%E5%86%85","","","","公式サイト：https://shop.tullys.co.jp/all?keyword=%E7%94%A3%E6%A5%AD%E5%8C%BB%E7%A7%91%E5%A4%A7%E5%AD%A6%E7%97%85%E9%99%A2%E5%BA%97"
"熊本県","熊本市中央区","熊本大学病院店","","","熊本大学病院内。病院利用者、付き添い、職員が利用する院内店舗。
狙い目：院内店舗として、店先と病院側の通行空間の境目、席から見える範囲を観察したい。院内を巡回するのではなく、店舗を利用できる範囲で見る。","https://shop.tullys.co.jp/all?keyword=%E7%86%8A%E6%9C%AC%E5%A4%A7%E5%AD%A6%E7%97%85%E9%99%A2%E5%BA%97","https://www.google.com/maps/search/?api=1&query=%E7%86%8A%E6%9C%AC%E5%A4%A7%E5%AD%A6%E7%97%85%E9%99%A2%E5%BA%97%20%E7%86%8A%E6%9C%AC%E5%A4%A7%E5%AD%A6%E7%97%85%E9%99%A2%E5%86%85","","","","公式サイト：https://shop.tullys.co.jp/all?keyword=%E7%86%8A%E6%9C%AC%E5%A4%A7%E5%AD%A6%E7%97%85%E9%99%A2%E5%BA%97"
"沖縄県","宜野湾市","琉球大学病院店","","","琉球大学病院内。病院利用者、付き添い、職員が利用する院内店舗。
狙い目：院内店舗として、店先と病院側の通行空間の境目、席から見える範囲を観察したい。院内を巡回するのではなく、店舗を利用できる範囲で見る。","https://shop.tullys.co.jp/all?keyword=%E7%90%89%E7%90%83%E5%A4%A7%E5%AD%A6%E7%97%85%E9%99%A2%E5%BA%97","https://www.google.com/maps/search/?api=1&query=%E7%90%89%E7%90%83%E5%A4%A7%E5%AD%A6%E7%97%85%E9%99%A2%E5%BA%97%20%E7%90%89%E7%90%83%E5%A4%A7%E5%AD%A6%E7%97%85%E9%99%A2%E5%86%85","","","","公式サイト：https://shop.tullys.co.jp/all?keyword=%E7%90%89%E7%90%83%E5%A4%A7%E5%AD%A6%E7%97%85%E9%99%A2%E5%BA%97"
