都道府県,市区町村,店舗名・施設名,分類,関連リンク1タイトル,関連リンク1URL,関連リンク2タイトル,関連リンク2URL,関連リンク3タイトル,関連リンク3URL,説明・狙い目,公式サイト,Googleマップ,雰囲気,公式検索,地図検索名,参照
埼玉県,寄居町,埼玉県立川の博物館,河川・自然史,埼玉県立川の博物館に行ってきた！ | みはたーぼ、のほほん日記,https://ameblo.jp/mihata-bo/entry-12760135262.html,,,,,巨大水車・河川展示。9:00～17:00。 月曜日休館。1997年開館。,https://www.river-museum.jp/,https://www.google.com/maps/search/?api=1&query=%E5%9F%BC%E7%8E%89%E7%9C%8C%E7%AB%8B%E5%B7%9D%E3%81%AE%E5%8D%9A%E7%89%A9%E9%A4%A8%20%E5%9F%BC%E7%8E%89%E7%9C%8C%20%E5%AF%84%E5%B1%85%E7%94%BA,ドリームコア,,,"公式サイト：https://www.river-museum.jp/
Wikipedia：https://ja.wikipedia.org/wiki/%E5%9F%BC%E7%8E%89%E7%9C%8C%E7%AB%8B%E5%B7%9D%E3%81%AE%E5%8D%9A%E7%89%A9%E9%A4%A8"
滋賀県,草津市,琵琶湖博物館,水環境・総合博物館,『琵琶湖博物館』に行って、琵琶湖の世界を歩いてきた｜結城 弘 / 小説家・ライター,https://note.com/hirosuke07/n/n4b1f6a49b969,,,,,水環境展示。9時30分 - 17時00分。 月曜日休館。1996年竣工。,https://www.biwahaku.jp/,https://www.google.com/maps/search/?api=1&query=%E7%90%B5%E7%90%B6%E6%B9%96%E5%8D%9A%E7%89%A9%E9%A4%A8%20%E6%BB%8B%E8%B3%80%E7%9C%8C%20%E8%8D%89%E6%B4%A5%E5%B8%82,リミナル,,,"公式サイト：https://www.biwahaku.jp/
Wikipedia：https://ja.wikipedia.org/wiki/%E7%90%B5%E7%90%B6%E6%B9%96%E5%8D%9A%E7%89%A9%E9%A4%A8"
福岡県,北九州市門司区,海峡ドラマシップ,港湾・歴史展示,福岡出張　～門司港レトロ　関門海峡ミュージアム～ - Girl's Be Ambitious,https://girlsbe-ambitious.hatenablog.com/entry/2026/02/19/020000,,,,,巨大屋内展示＋港湾。2003年開館。,,https://www.google.com/maps/search/?api=1&query=%E6%B5%B7%E5%B3%A1%E3%83%89%E3%83%A9%E3%83%9E%E3%82%B7%E3%83%83%E3%83%97%20%E7%A6%8F%E5%B2%A1%E7%9C%8C%20%E5%8C%97%E4%B9%9D%E5%B7%9E%E5%B8%82%E9%96%80%E5%8F%B8%E5%8C%BA,ドリームコア,,,
福岡県,北九州市門司区,関門海峡ミュージアム,港湾・歴史展示,福岡出張　～門司港レトロ　関門海峡ミュージアム～ - Girl's Be Ambitious,https://girlsbe-ambitious.hatenablog.com/entry/2026/02/19/020000,,,,,港湾展示と大規模吹き抜け。9:00～17:00。2003年開館。,https://mojiko-retoro9.jp/spot/kanmon_kaikyo_museum/,https://www.google.com/maps/search/?api=1&query=%E9%96%A2%E9%96%80%E6%B5%B7%E5%B3%A1%E3%83%9F%E3%83%A5%E3%83%BC%E3%82%B8%E3%82%A2%E3%83%A0%20%E7%A6%8F%E5%B2%A1%E7%9C%8C%20%E5%8C%97%E4%B9%9D%E5%B7%9E%E5%B8%82%E9%96%80%E5%8F%B8%E5%8C%BA,ドリームコア,,,"公式サイト：https://mojiko-retoro9.jp/spot/kanmon_kaikyo_museum/
Wikipedia：https://ja.wikipedia.org/wiki/%E9%96%A2%E9%96%80%E6%B5%B7%E5%B3%A1%E3%83%9F%E3%83%A5%E3%83%BC%E3%82%B8%E3%82%A2%E3%83%A0"
富山県,立山町,立山カルデラ砂防博物館,防災・砂防,大自然と人の「攻防と共存」の歴史！立山カルデラ砂防博物館に行ってみた｜Tadayoshi Kasai,https://note.com/tadayoshi85/n/n1c69d5f5042f,,,,,砂防・山岳インフラ展示。,http://www.tatecal.or.jp/tatecal/index.html,https://www.google.com/maps/search/?api=1&query=%E7%AB%8B%E5%B1%B1%E3%82%AB%E3%83%AB%E3%83%87%E3%83%A9%E7%A0%82%E9%98%B2%E5%8D%9A%E7%89%A9%E9%A4%A8%20%E5%AF%8C%E5%B1%B1%E7%9C%8C%20%E7%AB%8B%E5%B1%B1%E7%94%BA,リミナル,,,"公式サイト：http://www.tatecal.or.jp/tatecal/index.html
Wikipedia：https://ja.wikipedia.org/wiki/%E7%AB%8B%E5%B1%B1%E3%82%AB%E3%83%AB%E3%83%87%E3%83%A9%E7%A0%82%E9%98%B2%E5%8D%9A%E7%89%A9%E9%A4%A8"
千葉県,柏市,千葉大学環境健康フィールド科学センター,研究・植物施設,「千葉大学 柏の葉キャンパス」構内の通り抜け通路を散策してきた : 柏の葉サイクルライフ,https://kashiwanoha-cycle-life.blog.jp/archives/51840479.html,,,,,大学の研究・栽培施設としての雰囲気が中心。,http://www.fc.chiba-u.jp/,https://www.google.com/maps/search/?api=1&query=%E5%8D%83%E8%91%89%E5%A4%A7%E5%AD%A6%E7%92%B0%E5%A2%83%E5%81%A5%E5%BA%B7%E3%83%95%E3%82%A3%E3%83%BC%E3%83%AB%E3%83%89%E7%A7%91%E5%AD%A6%E3%82%BB%E3%83%B3%E3%82%BF%E3%83%BC%20%E6%9F%8F%E5%B8%82%20%E5%8D%83%E8%91%89%E7%9C%8C%20%E6%97%A5%E6%9C%AC,植物園・温室,,,公式サイト：http://www.fc.chiba-u.jp/
北海道,札幌市,札幌市青少年科学館,科学館,札幌市青少年科学館（札幌市公式案内）,https://www.city.sapporo.jp/kyoiku/shogaikyoiku/kagaku_ibento.html,,,,,9:00〜17:00。1981年開館。,https://www.ssc.slp.or.jp/,https://www.google.com/maps/search/?api=1&query=%E6%9C%AD%E5%B9%8C%E5%B8%82%E9%9D%92%E5%B0%91%E5%B9%B4%E7%A7%91%E5%AD%A6%E9%A4%A8%20%E5%8C%97%E6%B5%B7%E9%81%93%20%E6%9C%AD%E5%B9%8C%E5%B8%82,科学系施設,,,"公式サイト：https://www.ssc.slp.or.jp/
Wikipedia：https://ja.wikipedia.org/wiki/%E6%9C%AD%E5%B9%8C%E5%B8%82%E9%9D%92%E5%B0%91%E5%B9%B4%E7%A7%91%E5%AD%A6%E9%A4%A8"
北海道,旭川市,旭川市科学館 サイパル,科学館,旭川市科学館サイパル - ふうと旅行とたべあるく。,https://fuand.hatenablog.com/entry/2025/09/13/213142,,,,,9:30～17:00。2005年竣工。,http://www.city.asahikawa.hokkaido.jp/science/,https://www.google.com/maps/search/?api=1&query=%E6%97%AD%E5%B7%9D%E5%B8%82%E7%A7%91%E5%AD%A6%E9%A4%A8%20%E3%82%B5%E3%82%A4%E3%83%91%E3%83%AB%20%E5%8C%97%E6%B5%B7%E9%81%93%20%E6%97%AD%E5%B7%9D%E5%B8%82,科学系施設,,,"公式サイト：http://www.city.asahikawa.hokkaido.jp/science/
Wikipedia：https://ja.wikipedia.org/wiki/%E6%97%AD%E5%B7%9D%E5%B8%82%E7%A7%91%E5%AD%A6%E9%A4%A8_%E3%82%B5%E3%82%A4%E3%83%91%E3%83%AB"
北海道,苫小牧市,苫小牧市科学センター,科学館,〖北海道〗苫小牧市科学センターの展示機 - 用廃機ハンターが行く！,https://wrecks.hatenablog.com/entry/2022/07/30/201505,,,,,9時30分～17時。1970年竣工。,https://www.city.tomakomai.hokkaido.jp/kagaku/,https://www.google.com/maps/search/?api=1&query=%E8%8B%AB%E5%B0%8F%E7%89%A7%E5%B8%82%E7%A7%91%E5%AD%A6%E3%82%BB%E3%83%B3%E3%82%BF%E3%83%BC%20%E5%8C%97%E6%B5%B7%E9%81%93%20%E8%8B%AB%E5%B0%8F%E7%89%A7%E5%B8%82,科学系施設,,,"公式サイト：https://www.city.tomakomai.hokkaido.jp/kagaku/
Wikipedia：https://ja.wikipedia.org/wiki/%E8%8B%AB%E5%B0%8F%E7%89%A7%E5%B8%82%E7%A7%91%E5%AD%A6%E3%82%BB%E3%83%B3%E3%82%BF%E3%83%BC"
北海道,室蘭市,DENZAI環境科学館,科学・環境,〖室蘭市〗えみらんDENZAI環境科学館に行ってきたよ　その1　2026.4.12 - 風月を友とする,https://kazetotuki.hatenadiary.com/entry/2026/05/10/000000,,,,,10:00～17:00。 月曜日休館。2021年開館。,https://www.kujiran.net/emiran/kagakukan/,https://www.google.com/maps/search/?api=1&query=DENZAI%E7%92%B0%E5%A2%83%E7%A7%91%E5%AD%A6%E9%A4%A8%20%E5%8C%97%E6%B5%B7%E9%81%93%20%E5%AE%A4%E8%98%AD%E5%B8%82,科学系施設,,,"公式サイト：https://www.kujiran.net/emiran/kagakukan/
Wikipedia：https://ja.wikipedia.org/wiki/DENZAI%E7%92%B0%E5%A2%83%E7%A7%91%E5%AD%A6%E9%A4%A8"
北海道,釧路市,釧路市こども遊学館,科学館,(#162)こども遊学館へ行ってみた｜Takayuki Sugawara,https://note.com/ts__51/n/nd053b0561014,,,,,2005年竣工。,http://kodomoyugakukan.jp/,https://www.google.com/maps/search/?api=1&query=%E9%87%A7%E8%B7%AF%E5%B8%82%E3%81%93%E3%81%A9%E3%82%82%E9%81%8A%E5%AD%A6%E9%A4%A8%20%E5%8C%97%E6%B5%B7%E9%81%93%20%E9%87%A7%E8%B7%AF%E5%B8%82,科学系施設,,,"公式サイト：http://kodomoyugakukan.jp/
Wikipedia：https://ja.wikipedia.org/wiki/%E9%87%A7%E8%B7%AF%E5%B8%82%E3%81%93%E3%81%A9%E3%82%82%E9%81%8A%E5%AD%A6%E9%A4%A8"
北海道,苫小牧市,ウトナイ湖サンクチュアリ ネイチャーセンター,自然観察,厳冬のウトナイ湖サンクチュアリを歩く｜湖は氷結してました | にこみいるのQOL同好会,https://nicomyl.com/utnai-sanctuary/,,,,,,https://utonai-nc.sakura.ne.jp/,https://www.google.com/maps/search/?api=1&query=%E3%82%A6%E3%83%88%E3%83%8A%E3%82%A4%E6%B9%96%E3%82%B5%E3%83%B3%E3%82%AF%E3%83%81%E3%83%A5%E3%82%A2%E3%83%AA%20%E3%83%8D%E3%82%A4%E3%83%81%E3%83%A3%E3%83%BC%E3%82%BB%E3%83%B3%E3%82%BF%E3%83%BC%20%E5%8C%97%E6%B5%B7%E9%81%93%20%E8%8B%AB%E5%B0%8F%E7%89%A7%E5%B8%82,科学系施設,,,公式サイト：https://utonai-nc.sakura.ne.jp/
青森県,青森市,青森県立三沢航空科学館,航空・科学,青森県立三沢航空科学館 その1｜光と風のアルバム,https://note.com/hk_photo/n/nc731c5ae0eb6,,,,,9:00〜17:00,https://kokukagaku.jp/,https://www.google.com/maps/search/?api=1&query=%E9%9D%92%E6%A3%AE%E7%9C%8C%E7%AB%8B%E4%B8%89%E6%B2%A2%E8%88%AA%E7%A9%BA%E7%A7%91%E5%AD%A6%E9%A4%A8%20%E9%9D%92%E6%A3%AE%E7%9C%8C%20%E9%9D%92%E6%A3%AE%E5%B8%82,科学系施設,,,"公式サイト：https://kokukagaku.jp/
Wikipedia：https://ja.wikipedia.org/wiki/%E9%9D%92%E6%A3%AE%E7%9C%8C%E7%AB%8B%E4%B8%89%E6%B2%A2%E8%88%AA%E7%A9%BA%E7%A7%91%E5%AD%A6%E9%A4%A8"
青森県,むつ市,むつ科学技術館,科学・エネルギー,Digital Artworks TeeART Blog. 青森県にあるむつ科学技術館を見に行ってきた,https://teeart.blog107.fc2.com/blog-entry-798.html,,,,,1996年開館。,https://msm720.jaea.go.jp/,https://www.google.com/maps/search/?api=1&query=%E3%82%80%E3%81%A4%E7%A7%91%E5%AD%A6%E6%8A%80%E8%A1%93%E9%A4%A8%20%E9%9D%92%E6%A3%AE%E7%9C%8C%20%E3%82%80%E3%81%A4%E5%B8%82,科学系施設,,,"公式サイト：https://msm720.jaea.go.jp/
Wikipedia：https://ja.wikipedia.org/wiki/%E3%82%80%E3%81%A4%E7%A7%91%E5%AD%A6%E6%8A%80%E8%A1%93%E9%A4%A8"
岩手県,盛岡市,盛岡市子ども科学館,科学館,盛岡市子ども科学館を観光してきました | こどもとおでかけ回顧録,https://sana1126.blog.fc2.com/blog-entry-1874.html,,,,,9:00〜16:30。 月曜休館。,http://www.kodomokagakukan.com/,https://www.google.com/maps/search/?api=1&query=%E7%9B%9B%E5%B2%A1%E5%B8%82%E5%AD%90%E3%81%A9%E3%82%82%E7%A7%91%E5%AD%A6%E9%A4%A8%20%E5%B2%A9%E6%89%8B%E7%9C%8C%20%E7%9B%9B%E5%B2%A1%E5%B8%82,科学系施設,,,"公式サイト：http://www.kodomokagakukan.com/
Wikipedia：https://ja.wikipedia.org/wiki/%E7%9B%9B%E5%B2%A1%E5%B8%82%E5%AD%90%E3%81%A9%E3%82%82%E7%A7%91%E5%AD%A6%E9%A4%A8"
秋田県,大仙市,秋田県立農業科学館,農業科学,秋田県立農業科学館 大仙市 | 総合旅行業務取扱管理者のブログ - 楽天ブログ,https://plaza.rakuten.co.jp/shin728/diary/202405010000/,,,,,月曜日休館。9:30〜16:30。,https://www.obako.or.jp/sun-agrin/,https://www.google.com/maps/search/?api=1&query=%E7%A7%8B%E7%94%B0%E7%9C%8C%E7%AB%8B%E8%BE%B2%E6%A5%AD%E7%A7%91%E5%AD%A6%E9%A4%A8%20%E7%A7%8B%E7%94%B0%E7%9C%8C%20%E5%A4%A7%E4%BB%99%E5%B8%82,科学系施設,,,"公式サイト：https://www.obako.or.jp/sun-agrin/
Wikipedia：https://ja.wikipedia.org/wiki/%E7%A7%8B%E7%94%B0%E7%9C%8C%E7%AB%8B%E8%BE%B2%E6%A5%AD%E7%A7%91%E5%AD%A6%E9%A4%A8"
宮城県,仙台市,HOKUSHU仙台市科学館,科学館,〖宮城県〗仙台市科学館の展示機 - 用廃機ハンターが行く！,https://wrecks.hatenablog.com/entry/2026/04/07/120215,,,,,9時〜16時45分。 月曜日休館。,http://www.kagakukan.sendai-c.ed.jp/,https://www.google.com/maps/search/?api=1&query=HOKUSHU%E4%BB%99%E5%8F%B0%E5%B8%82%E7%A7%91%E5%AD%A6%E9%A4%A8%20%E5%AE%AE%E5%9F%8E%E7%9C%8C%20%E4%BB%99%E5%8F%B0%E5%B8%82,科学系施設,,,公式サイト：http://www.kagakukan.sendai-c.ed.jp/
福島県,いわき市,いわき市石炭・化石館 ほるる,化石・鉱業,日本で最も有名な化石と全国有数の炭鉱の歴史を今に語る〖いわき市石炭・化石館 ほるる〗 - ぽてとのまったりぶらり旅　冬の章,https://mattari-hokuriku.fc2.net/blog-entry-1879.html,,,,,,https://www.sekitankasekikan.or.jp/,https://www.google.com/maps/search/?api=1&query=%E3%81%84%E3%82%8F%E3%81%8D%E5%B8%82%E7%9F%B3%E7%82%AD%E3%83%BB%E5%8C%96%E7%9F%B3%E9%A4%A8%20%E3%81%BB%E3%82%8B%E3%82%8B%20%E7%A6%8F%E5%B3%B6%E7%9C%8C%20%E3%81%84%E3%82%8F%E3%81%8D%E5%B8%82,科学系施設,,,公式サイト：https://www.sekitankasekikan.or.jp/
茨城県,つくば市,地質標本館,地質,地質標本館「地球なんでも相談」体験記｜てるめぐる🔨💎,https://note.com/terumeguru/n/n3566b2c2ecca,,,,,9:30～16:30。 月曜日休館。,http://www.gsj.jp/Muse/,https://www.google.com/maps/search/?api=1&query=%E5%9C%B0%E8%B3%AA%E6%A8%99%E6%9C%AC%E9%A4%A8%20%E8%8C%A8%E5%9F%8E%E7%9C%8C%20%E3%81%A4%E3%81%8F%E3%81%B0%E5%B8%82,科学系施設,,,"公式サイト：http://www.gsj.jp/Muse/
Wikipedia：https://ja.wikipedia.org/wiki/%E5%9C%B0%E8%B3%AA%E6%A8%99%E6%9C%AC%E9%A4%A8"
茨城県,つくば市,つくばエキスポセンター,科学館,つくばエキスポセンター｜科学技術週間2025｜町田 奈桜,https://note.com/now2000/n/n6b0df2f61448,,,,,月曜日休館。1985年竣工。,http://www.expocenter.or.jp/,https://www.google.com/maps/search/?api=1&query=%E3%81%A4%E3%81%8F%E3%81%B0%E3%82%A8%E3%82%AD%E3%82%B9%E3%83%9D%E3%82%BB%E3%83%B3%E3%82%BF%E3%83%BC%20%E8%8C%A8%E5%9F%8E%E7%9C%8C%20%E3%81%A4%E3%81%8F%E3%81%B0%E5%B8%82,科学系施設,,,"公式サイト：http://www.expocenter.or.jp/
Wikipedia：https://ja.wikipedia.org/wiki/%E3%81%A4%E3%81%8F%E3%81%B0%E3%82%A8%E3%82%AD%E3%82%B9%E3%83%9D%E3%82%BB%E3%83%B3%E3%82%BF%E3%83%BC"
茨城県,大洗町,大洗わくわく科学館,科学館,《茨城大洗町》楽しく体験する科学!!大洗わくわく科学館 - エリエット～ささやかな〇〇っ,https://smile.hatenablog.com/entry/2025/04/26/192340,,,,,,https://www.jaea.go.jp/09/wakuwaku/,https://www.google.com/maps/search/?api=1&query=%E5%A4%A7%E6%B4%97%E3%82%8F%E3%81%8F%E3%82%8F%E3%81%8F%E7%A7%91%E5%AD%A6%E9%A4%A8%20%E8%8C%A8%E5%9F%8E%E7%9C%8C%20%E5%A4%A7%E6%B4%97%E7%94%BA,科学系施設,,,公式サイト：https://www.jaea.go.jp/09/wakuwaku/
茨城県,日立市,日立シビックセンター科学館サクリエ,科学館,日立シビックセンター科学館「サクリエ」リニューアルオープン in 茨城県日立市,https://satochannel.com/civic-science-hitachi/,,,,,月曜日休館。,http://www.civic.jp/science/,https://www.google.com/maps/search/?api=1&query=%E6%97%A5%E7%AB%8B%E3%82%B7%E3%83%93%E3%83%83%E3%82%AF%E3%82%BB%E3%83%B3%E3%82%BF%E3%83%BC%E7%A7%91%E5%AD%A6%E9%A4%A8%E3%82%B5%E3%82%AF%E3%83%AA%E3%82%A8%20%E8%8C%A8%E5%9F%8E%E7%9C%8C%20%E6%97%A5%E7%AB%8B%E5%B8%82,科学系施設,,,公式サイト：http://www.civic.jp/science/
栃木県,宇都宮市,栃木県子ども総合科学館,科学館,栃木県子ども総合科学館の体験記,https://kirinmatsuge.hatenablog.com/entry/Tochigi-Science-Museum,,,,,9:30～16:30,https://t-csm.jp/,https://www.google.com/maps/search/?api=1&query=%E6%A0%83%E6%9C%A8%E7%9C%8C%E5%AD%90%E3%81%A9%E3%82%82%E7%B7%8F%E5%90%88%E7%A7%91%E5%AD%A6%E9%A4%A8%20%E6%A0%83%E6%9C%A8%E7%9C%8C%20%E5%AE%87%E9%83%BD%E5%AE%AE%E5%B8%82,科学系施設,,,"公式サイト：https://t-csm.jp/
Wikipedia：https://ja.wikipedia.org/wiki/%E6%A0%83%E6%9C%A8%E7%9C%8C%E5%AD%90%E3%81%A9%E3%82%82%E7%B7%8F%E5%90%88%E7%A7%91%E5%AD%A6%E9%A4%A8"
群馬県,下仁田町,下仁田町自然史館,地質・自然史,下仁田へ行ってきた（その３） - Peepooblue’s Sketchbook,https://peepooblue.hatenablog.com/entry/2024/10/27/235029,,,,,９:００～１６:３０,http://www.shimonita-geopark.jp/shizenshikan/index.html,https://www.google.com/maps/search/?api=1&query=%E4%B8%8B%E4%BB%81%E7%94%B0%E7%94%BA%E8%87%AA%E7%84%B6%E5%8F%B2%E9%A4%A8%20%E7%BE%A4%E9%A6%AC%E7%9C%8C%20%E4%B8%8B%E4%BB%81%E7%94%B0%E7%94%BA,科学系施設,,,公式サイト：http://www.shimonita-geopark.jp/shizenshikan/index.html
埼玉県,川口市,川口市立科学館,科学館,遊びながら学べる川口市立科学館に行ってみた。子どもが夢中になる実験装置にプラネタリウムと盛り沢山♪ | さいたま市、埼玉県南部の地域情報サイト 〖リプロ マヴィ〗,https://www.lipro-mavie.com/202311-kawaguchikagakukan/,,,,,火曜日休館。,http://www.kawaguchi.science.museum/,https://www.google.com/maps/search/?api=1&query=%E5%B7%9D%E5%8F%A3%E5%B8%82%E7%AB%8B%E7%A7%91%E5%AD%A6%E9%A4%A8%20%E5%9F%BC%E7%8E%89%E7%9C%8C%20%E5%B7%9D%E5%8F%A3%E5%B8%82,科学系施設,,,"公式サイト：http://www.kawaguchi.science.museum/
Wikipedia：https://ja.wikipedia.org/wiki/%E5%B7%9D%E5%8F%A3%E5%B8%82%E7%AB%8B%E7%A7%91%E5%AD%A6%E9%A4%A8"
埼玉県,越谷市,越谷市科学技術体験センター ミラクル,科学館,夏休みの出費を抑えたい親必見！無料〜数十円で一日遊べる越谷の体験型〖F P１級ワーママのつぶやき／日々の気づき編〗｜家計を整える・はまぐりポケット,https://note.com/poem565/n/n5ac1215e6019,,,,,,https://www.city.koshigaya.saitama.jp/gigakoshigaya/miracle/,https://www.google.com/maps/search/?api=1&query=%E8%B6%8A%E8%B0%B7%E5%B8%82%E7%A7%91%E5%AD%A6%E6%8A%80%E8%A1%93%E4%BD%93%E9%A8%93%E3%82%BB%E3%83%B3%E3%82%BF%E3%83%BC%20%E3%83%9F%E3%83%A9%E3%82%AF%E3%83%AB%20%E5%9F%BC%E7%8E%89%E7%9C%8C%20%E8%B6%8A%E8%B0%B7%E5%B8%82,科学系施設,,,公式サイト：https://www.city.koshigaya.saitama.jp/gigakoshigaya/miracle/
千葉県,東金市,東金こども科学館,科学館,東金こども科学館⭐︎ | こどもサークル東庄のブログ,https://ameblo.jp/kc-tounoshoumachi/entry-12936342691.html,,,,,9:00 - 16:30,http://www.tsc.tobunspo.or.jp/,https://www.google.com/maps/search/?api=1&query=%E6%9D%B1%E9%87%91%E3%81%93%E3%81%A9%E3%82%82%E7%A7%91%E5%AD%A6%E9%A4%A8%20%E5%8D%83%E8%91%89%E7%9C%8C%20%E6%9D%B1%E9%87%91%E5%B8%82,科学系施設,,,公式サイト：http://www.tsc.tobunspo.or.jp/
神奈川県,厚木市,神奈川工科大学厚木市子ども科学館,科学館,神奈川工科大学厚木市子ども科学館 〔神奈川県厚木市〕 | お散歩パンダ.com,https://osanpo-panda.com/13602433.html,,,,,,https://www.city.atsugi.kanagawa.jp/acsc/index.html,https://www.google.com/maps/search/?api=1&query=%E7%A5%9E%E5%A5%88%E5%B7%9D%E5%B7%A5%E7%A7%91%E5%A4%A7%E5%AD%A6%E5%8E%9A%E6%9C%A8%E5%B8%82%E5%AD%90%E3%81%A9%E3%82%82%E7%A7%91%E5%AD%A6%E9%A4%A8%20%E7%A5%9E%E5%A5%88%E5%B7%9D%E7%9C%8C%20%E5%8E%9A%E6%9C%A8%E5%B8%82,科学系施設,,,"公式サイト：https://www.city.atsugi.kanagawa.jp/acsc/index.html
Wikipedia：https://ja.wikipedia.org/wiki/%E7%A5%9E%E5%A5%88%E5%B7%9D%E5%B7%A5%E7%A7%91%E5%A4%A7%E5%AD%A6%E5%8E%9A%E6%9C%A8%E5%B8%82%E5%AD%90%E3%81%A9%E3%82%82%E7%A7%91%E5%AD%A6%E9%A4%A8"
新潟県,新潟市,新潟県立自然科学館,科学・自然史,新潟県立自然科学館の訪問記,https://ameblo.jp/madomoy3/entry-12887043610.html,,,,,9:30～16:30,https://www.sciencemuseum.jp/,https://www.google.com/maps/search/?api=1&query=%E6%96%B0%E6%BD%9F%E7%9C%8C%E7%AB%8B%E8%87%AA%E7%84%B6%E7%A7%91%E5%AD%A6%E9%A4%A8%20%E6%96%B0%E6%BD%9F%E7%9C%8C%20%E6%96%B0%E6%BD%9F%E5%B8%82,科学系施設,,,"公式サイト：https://www.sciencemuseum.jp/
Wikipedia：https://ja.wikipedia.org/wiki/%E6%96%B0%E6%BD%9F%E7%9C%8C%E7%AB%8B%E8%87%AA%E7%84%B6%E7%A7%91%E5%AD%A6%E9%A4%A8"
新潟県,十日町市,十日町市立里山科学館 越後松之山「森の学校」キョロロ,生態・自然,越後松之山「森の学校」キョロロ　手塚貴晴＋手塚由比｜新潟県の有名建築｜住宅/ビル/マンション設計者の建もの探訪,https://www.naokikataoka.com/2017/08/31/kyororo/,,,,,火曜日休館。,https://www.matsunoyama.com/kyororo/,https://www.google.com/maps/search/?api=1&query=%E5%8D%81%E6%97%A5%E7%94%BA%E5%B8%82%E7%AB%8B%E9%87%8C%E5%B1%B1%E7%A7%91%E5%AD%A6%E9%A4%A8%20%E8%B6%8A%E5%BE%8C%E6%9D%BE%E4%B9%8B%E5%B1%B1%E3%80%8C%E6%A3%AE%E3%81%AE%E5%AD%A6%E6%A0%A1%E3%80%8D%E3%82%AD%E3%83%A7%E3%83%AD%E3%83%AD%20%E6%96%B0%E6%BD%9F%E7%9C%8C%20%E5%8D%81%E6%97%A5%E7%94%BA%E5%B8%82,科学系施設,,,"公式サイト：https://www.matsunoyama.com/kyororo/
Wikipedia：https://ja.wikipedia.org/wiki/%E5%8D%81%E6%97%A5%E7%94%BA%E5%B8%82%E7%AB%8B%E9%87%8C%E5%B1%B1%E7%A7%91%E5%AD%A6%E9%A4%A8_%E8%B6%8A%E5%BE%8C%E6%9D%BE%E4%B9%8B%E5%B1%B1%E3%80%8C%E6%A3%AE%E3%81%AE%E5%AD%A6%E6%A0%A1%E3%80%8D%E3%82%AD%E3%83%A7%E3%83%AD%E3%83%AD"
石川県,能美市,いしかわ動物園 動物学習センター,生物,,,,,,,,,https://www.google.com/maps/search/?api=1&query=%E3%81%84%E3%81%97%E3%81%8B%E3%82%8F%E5%8B%95%E7%89%A9%E5%9C%92%20%E5%8B%95%E7%89%A9%E5%AD%A6%E7%BF%92%E3%82%BB%E3%83%B3%E3%82%BF%E3%83%BC%20%E7%9F%B3%E5%B7%9D%E7%9C%8C%20%E8%83%BD%E7%BE%8E%E5%B8%82,科学系施設,,,
石川県,小松市,サイエンスヒルズこまつ,科学館,建築さがし-サイエンスヒルズこまつ-｜Koki Takahashi / 建築家 / 創造家,https://note.com/koki_takahashi/n/n449caf8ece82,,,,,9:30～18:00。 月曜日休館。,http://science-hills-komatsu.jp/,https://www.google.com/maps/search/?api=1&query=%E3%82%B5%E3%82%A4%E3%82%A8%E3%83%B3%E3%82%B9%E3%83%92%E3%83%AB%E3%82%BA%E3%81%93%E3%81%BE%E3%81%A4%20%E7%9F%B3%E5%B7%9D%E7%9C%8C%20%E5%B0%8F%E6%9D%BE%E5%B8%82,科学系施設,,,"公式サイト：http://science-hills-komatsu.jp/
Wikipedia：https://ja.wikipedia.org/wiki/%E3%82%B5%E3%82%A4%E3%82%A8%E3%83%B3%E3%82%B9%E3%83%92%E3%83%AB%E3%82%BA%E3%81%93%E3%81%BE%E3%81%A4"
福井県,坂井市,福井県児童科学館 エンゼルランドふくい,科学館,エンゼルランドふくい(福井県児童科学館) 噴水広場 2026｜7/1〜9/30｜Yui (栞),https://shiori.life/spots/cmselnxjw08ebg0fz6fbiy7re,,,,,9:30～17:00,https://angelland.or.jp/,https://www.google.com/maps/search/?api=1&query=%E7%A6%8F%E4%BA%95%E7%9C%8C%E5%85%90%E7%AB%A5%E7%A7%91%E5%AD%A6%E9%A4%A8%20%E3%82%A8%E3%83%B3%E3%82%BC%E3%83%AB%E3%83%A9%E3%83%B3%E3%83%89%E3%81%B5%E3%81%8F%E3%81%84%20%E7%A6%8F%E4%BA%95%E7%9C%8C%20%E5%9D%82%E4%BA%95%E5%B8%82,科学系施設,,,"公式サイト：https://angelland.or.jp/
Wikipedia：https://ja.wikipedia.org/wiki/%E7%A6%8F%E4%BA%95%E7%9C%8C%E5%85%90%E7%AB%A5%E7%A7%91%E5%AD%A6%E9%A4%A8"
福井県,大野市,福井県自然保護センター,自然・天文,熱く！ 福井県自然保護センター,https://bobykent.blog.fc2.com/blog-entry-412.html,,,,,9:00〜17:00,https://fncc.pref.fukui.lg.jp/,https://www.google.com/maps/search/?api=1&query=%E7%A6%8F%E4%BA%95%E7%9C%8C%E8%87%AA%E7%84%B6%E4%BF%9D%E8%AD%B7%E3%82%BB%E3%83%B3%E3%82%BF%E3%83%BC%20%E7%A6%8F%E4%BA%95%E7%9C%8C%20%E5%A4%A7%E9%87%8E%E5%B8%82,科学系施設,,,公式サイト：https://fncc.pref.fukui.lg.jp/
山梨県,甲府市,山梨県立科学館,科学館,アスレチック的な面白科学館「山梨県立科学館」を歩く : 帝都を歩く,https://teitowalk.blog.jp/archives/87252459.html,,,,,9時30分～17時。 月曜日休館。1998年竣工。,https://www.kagakukan.pref.yamanashi.jp/,https://www.google.com/maps/search/?api=1&query=%E5%B1%B1%E6%A2%A8%E7%9C%8C%E7%AB%8B%E7%A7%91%E5%AD%A6%E9%A4%A8%20%E5%B1%B1%E6%A2%A8%E7%9C%8C%20%E7%94%B2%E5%BA%9C%E5%B8%82,科学系施設,,,"公式サイト：https://www.kagakukan.pref.yamanashi.jp/
Wikipedia：https://ja.wikipedia.org/wiki/%E5%B1%B1%E6%A2%A8%E7%9C%8C%E7%AB%8B%E7%A7%91%E5%AD%A6%E9%A4%A8"
長野県,佐久市,佐久市子ども未来館,科学館,佐久市子ども未来館｜ABYSS,https://note.com/abyss8928/n/n90bfd88bf214,,,,,,https://kodomomiraikan.jp/,https://www.google.com/maps/search/?api=1&query=%E4%BD%90%E4%B9%85%E5%B8%82%E5%AD%90%E3%81%A9%E3%82%82%E6%9C%AA%E6%9D%A5%E9%A4%A8%20%E9%95%B7%E9%87%8E%E7%9C%8C%20%E4%BD%90%E4%B9%85%E5%B8%82,科学系施設,,,"公式サイト：https://kodomomiraikan.jp/
Wikipedia：https://ja.wikipedia.org/wiki/%E4%BD%90%E4%B9%85%E5%B8%82%E5%AD%90%E3%81%A9%E3%82%82%E6%9C%AA%E6%9D%A5%E9%A4%A8"
長野県,木曽町,御嶽山ビジターセンター さとテラス三岳,火山・自然,『木曽町 御嶽山ビジターセンター さとテラス三岳』｜佐藤プリン,https://note.com/fair_wren1304/n/n83aefd9e5df3,,,,,9:00～16:00。 月曜休館。,https://ontake-vc.jp/sato/,https://www.google.com/maps/search/?api=1&query=%E5%BE%A1%E5%B6%BD%E5%B1%B1%E3%83%93%E3%82%B8%E3%82%BF%E3%83%BC%E3%82%BB%E3%83%B3%E3%82%BF%E3%83%BC%20%E3%81%95%E3%81%A8%E3%83%86%E3%83%A9%E3%82%B9%E4%B8%89%E5%B2%B3%20%E9%95%B7%E9%87%8E%E7%9C%8C%20%E6%9C%A8%E6%9B%BD%E7%94%BA,科学系施設,,,公式サイト：https://ontake-vc.jp/sato/
静岡県,静岡市,静岡科学館る・く・る,科学館,静岡科学館る・く・るを訪ねる｜静岡新聞アットエス,https://www.at-s.com/life/article/ats/1613278.html,,,,,9:30～17:00,https://www.rukuru.jp/,https://www.google.com/maps/search/?api=1&query=%E9%9D%99%E5%B2%A1%E7%A7%91%E5%AD%A6%E9%A4%A8%E3%82%8B%E3%83%BB%E3%81%8F%E3%83%BB%E3%82%8B%20%E9%9D%99%E5%B2%A1%E7%9C%8C%20%E9%9D%99%E5%B2%A1%E5%B8%82,科学系施設,,,"公式サイト：https://www.rukuru.jp/
Wikipedia：https://ja.wikipedia.org/wiki/%E9%9D%99%E5%B2%A1%E7%A7%91%E5%AD%A6%E9%A4%A8%E3%82%8B%E3%83%BB%E3%81%8F%E3%83%BB%E3%82%8B"
静岡県,浜松市,浜松科学館,科学館,〖グル録〗みらいーらカフェ(浜松科学館内) | ミチコのブログ,https://ameblo.jp/michikoburogu/entry-12867145302.html,,,,,1986年竣工。,https://www.mirai-ra.jp/,https://www.google.com/maps/search/?api=1&query=%E6%B5%9C%E6%9D%BE%E7%A7%91%E5%AD%A6%E9%A4%A8%20%E9%9D%99%E5%B2%A1%E7%9C%8C%20%E6%B5%9C%E6%9D%BE%E5%B8%82,科学系施設,,,"公式サイト：https://www.mirai-ra.jp/
Wikipedia：https://ja.wikipedia.org/wiki/%E6%B5%9C%E6%9D%BE%E7%A7%91%E5%AD%A6%E9%A4%A8"
静岡県,東伊豆町,熱川バナナワニ園,生物・植物,ワニやレッサーパンダがいる「熱川バナナワニ園」に行ってみた！所要時間やアクセス方法などを紹介 | いつおで,https://itsuode.com/bananawani/,,,,,,http://bananawani.jp/,https://www.google.com/maps/search/?api=1&query=%E7%86%B1%E5%B7%9D%E3%83%90%E3%83%8A%E3%83%8A%E3%83%AF%E3%83%8B%E5%9C%92%20%E9%9D%99%E5%B2%A1%E7%9C%8C%20%E6%9D%B1%E4%BC%8A%E8%B1%86%E7%94%BA,科学系施設,,,"公式サイト：http://bananawani.jp/
Wikipedia：https://ja.wikipedia.org/wiki/%E7%86%B1%E5%B7%9D%E3%83%90%E3%83%8A%E3%83%8A%E3%83%AF%E3%83%8B%E5%9C%92"
愛知県,蒲郡市,蒲郡市生命の海科学館,地球科学,〖自然探訪〗蒲郡市生命の海科学館：物質と生命の進化を実物標本で実感した｜Lama Lama,https://note.com/lama_lama/n/n8ef4b1ce06a5,,,,,火曜日休館。,http://www.city.gamagori.lg.jp/site/kagakukan/,https://www.google.com/maps/search/?api=1&query=%E8%92%B2%E9%83%A1%E5%B8%82%E7%94%9F%E5%91%BD%E3%81%AE%E6%B5%B7%E7%A7%91%E5%AD%A6%E9%A4%A8%20%E6%84%9B%E7%9F%A5%E7%9C%8C%20%E8%92%B2%E9%83%A1%E5%B8%82,科学系施設,,,"公式サイト：http://www.city.gamagori.lg.jp/site/kagakukan/
Wikipedia：https://ja.wikipedia.org/wiki/%E8%92%B2%E9%83%A1%E5%B8%82%E7%94%9F%E5%91%BD%E3%81%AE%E6%B5%B7%E7%A7%91%E5%AD%A6%E9%A4%A8"
愛知県,豊橋市,豊橋市地下資源館,資源・地質,科学館レビュー１６：豊橋市地下資源館（愛知県豊橋市）｜ぬばたま みどり＠化学系VTuber,https://note.com/midori_nubatama/n/n78354f6852a6,,,,,1980年開館。,https://www.toyohaku.gr.jp/chika/,https://www.google.com/maps/search/?api=1&query=%E8%B1%8A%E6%A9%8B%E5%B8%82%E5%9C%B0%E4%B8%8B%E8%B3%87%E6%BA%90%E9%A4%A8%20%E6%84%9B%E7%9F%A5%E7%9C%8C%20%E8%B1%8A%E6%A9%8B%E5%B8%82,科学系施設,,,"公式サイト：https://www.toyohaku.gr.jp/chika/
Wikipedia：https://ja.wikipedia.org/wiki/%E8%B1%8A%E6%A9%8B%E5%B8%82%E5%9C%B0%E4%B8%8B%E8%B3%87%E6%BA%90%E9%A4%A8"
大阪府,貝塚市,貝塚市立自然遊学館,自然史,全国自然博物館の旅〖70〗貝塚市立自然遊学館｜美原さつき,https://note.com/satsukimihara/n/nceb0b5d14491,,,,,9時～19時30分,http://www.city.kaizuka.lg.jp/shizen/,https://www.google.com/maps/search/?api=1&query=%E8%B2%9D%E5%A1%9A%E5%B8%82%E7%AB%8B%E8%87%AA%E7%84%B6%E9%81%8A%E5%AD%A6%E9%A4%A8%20%E5%A4%A7%E9%98%AA%E5%BA%9C%20%E8%B2%9D%E5%A1%9A%E5%B8%82,科学系施設,,,公式サイト：http://www.city.kaizuka.lg.jp/shizen/
兵庫県,伊丹市,伊丹市昆虫館,昆虫,〖兵庫県伊丹市の遊び場〗昆陽池公園伊丹市昆虫館行ってきた！チョウの温室は子どものテンションをぶち上げる！！ - 育児と療育とOTと,https://yotr.hatenablog.com/entry/2024/05/30/%E3%80%90%E5%85%B5%E5%BA%AB%E7%9C%8C%E4%BC%8A%E4%B8%B9%E5%B8%82%E3%81%AE%E9%81%8A%E3%81%B3%E5%A0%B4%E3%80%91%E6%98%86%E9%99%BD%E6%B1%A0%E5%85%AC%E5%9C%92%E4%BC%8A%E4%B8%B9%E5%B8%82%E6%98%86%E8%99%AB%E9%A4%A8,,,,,9時30分～16時30分。 火曜日休館。,http://www.itakon.com/,https://www.google.com/maps/search/?api=1&query=%E4%BC%8A%E4%B8%B9%E5%B8%82%E6%98%86%E8%99%AB%E9%A4%A8%20%E5%85%B5%E5%BA%AB%E7%9C%8C%20%E4%BC%8A%E4%B8%B9%E5%B8%82,科学系施設,,,"公式サイト：http://www.itakon.com/
Wikipedia：https://ja.wikipedia.org/wiki/%E4%BC%8A%E4%B8%B9%E5%B8%82%E6%98%86%E8%99%AB%E9%A4%A8"
兵庫県,姫路市,姫路科学館,科学館,姫路科学館へ行ってきました | 本好きに育てる,https://maruyanblog.com/himeji,,,,,火曜日休館。,http://www.city.himeji.lg.jp/atom/,https://www.google.com/maps/search/?api=1&query=%E5%A7%AB%E8%B7%AF%E7%A7%91%E5%AD%A6%E9%A4%A8%20%E5%85%B5%E5%BA%AB%E7%9C%8C%20%E5%A7%AB%E8%B7%AF%E5%B8%82,科学系施設,,,"公式サイト：http://www.city.himeji.lg.jp/atom/
Wikipedia：https://ja.wikipedia.org/wiki/%E5%A7%AB%E8%B7%AF%E7%A7%91%E5%AD%A6%E9%A4%A8"
兵庫県,豊岡市,兵庫県立コウノトリの郷公園,生態・保全,兵庫県立コウノトリの郷公園 - sogensyookuのブログ,https://sogensyooku.hatenablog.com/entry/2023/01/05/212940,,,,,,https://satokouen.jp/,https://www.google.com/maps/search/?api=1&query=%E5%85%B5%E5%BA%AB%E7%9C%8C%E7%AB%8B%E3%82%B3%E3%82%A6%E3%83%8E%E3%83%88%E3%83%AA%E3%81%AE%E9%83%B7%E5%85%AC%E5%9C%92%20%E5%85%B5%E5%BA%AB%E7%9C%8C%20%E8%B1%8A%E5%B2%A1%E5%B8%82,科学系施設,,,"公式サイト：https://satokouen.jp/
Wikipedia：https://ja.wikipedia.org/wiki/%E5%85%B5%E5%BA%AB%E7%9C%8C%E7%AB%8B%E3%82%B3%E3%82%A6%E3%83%8E%E3%83%88%E3%83%AA%E3%81%AE%E9%83%B7%E5%85%AC%E5%9C%92"
奈良県,橿原市,橿原市立こども科学館,科学館,〖奈良おでかけ〗雨の日でも楽しめる♪橿原市立こども科学館で家族時間｜クロミカ｜奈良おでかけ記録,https://note.com/kuromika8591/n/n5593d2826f97,,,,,月曜日休館。,https://www.city.kashihara.nara.jp/kanko_bunka_sports/kodomokagakukan/index.html,https://www.google.com/maps/search/?api=1&query=%E6%A9%BF%E5%8E%9F%E5%B8%82%E7%AB%8B%E3%81%93%E3%81%A9%E3%82%82%E7%A7%91%E5%AD%A6%E9%A4%A8%20%E5%A5%88%E8%89%AF%E7%9C%8C%20%E6%A9%BF%E5%8E%9F%E5%B8%82,科学系施設,,,"公式サイト：https://www.city.kashihara.nara.jp/kanko_bunka_sports/kodomokagakukan/index.html
Wikipedia：https://ja.wikipedia.org/wiki/%E6%A9%BF%E5%8E%9F%E5%B8%82%E7%AB%8B%E3%81%93%E3%81%A9%E3%82%82%E7%A7%91%E5%AD%A6%E9%A4%A8"
和歌山県,和歌山市,和歌山市立こども科学館,科学館,〖親子たび〗近畿3泊4日の4日目（和歌山城、わかやま歴史館、和歌山市立こども科学館）｜きいねこ,https://note.com/ki_neko/n/nbaa498e108a7,,,,,９:３０ ～ １６:３０。 月曜日休館。1981年竣工。,https://kodomo123.jp/wordpress/,https://www.google.com/maps/search/?api=1&query=%E5%92%8C%E6%AD%8C%E5%B1%B1%E5%B8%82%E7%AB%8B%E3%81%93%E3%81%A9%E3%82%82%E7%A7%91%E5%AD%A6%E9%A4%A8%20%E5%92%8C%E6%AD%8C%E5%B1%B1%E7%9C%8C%20%E5%92%8C%E6%AD%8C%E5%B1%B1%E5%B8%82,科学系施設,,,"公式サイト：https://kodomo123.jp/wordpress/
Wikipedia：https://ja.wikipedia.org/wiki/%E5%92%8C%E6%AD%8C%E5%B1%B1%E5%B8%82%E7%AB%8B%E3%81%93%E3%81%A9%E3%82%82%E7%A7%91%E5%AD%A6%E9%A4%A8"
島根県,出雲市,出雲科学館,科学館,出雲科学館に1人来館しました | こどもとおでかけ回顧録,https://sana1126.blog.fc2.com/blog-entry-1341.html,,,,,2002年竣工。,https://www.izumo.ed.jp/kagaku/,https://www.google.com/maps/search/?api=1&query=%E5%87%BA%E9%9B%B2%E7%A7%91%E5%AD%A6%E9%A4%A8%20%E5%B3%B6%E6%A0%B9%E7%9C%8C%20%E5%87%BA%E9%9B%B2%E5%B8%82,科学系施設,,,"公式サイト：https://www.izumo.ed.jp/kagaku/
Wikipedia：https://ja.wikipedia.org/wiki/%E5%87%BA%E9%9B%B2%E7%A7%91%E5%AD%A6%E9%A4%A8"
岡山県,津山市,つやま自然のふしぎ館,自然史,写真を飾ることのその先へ。写真集を持って、つやま自然のふしぎ館へ行って感じたこと｜Naoto Takazawa,https://note.com/naototakazawa/n/nbfa5ba35e8d7,,,,,9:00～17:00。 月曜日休館。1963年開設。,http://www.fushigikan.jp/,https://www.google.com/maps/search/?api=1&query=%E3%81%A4%E3%82%84%E3%81%BE%E8%87%AA%E7%84%B6%E3%81%AE%E3%81%B5%E3%81%97%E3%81%8E%E9%A4%A8%20%E5%B2%A1%E5%B1%B1%E7%9C%8C%20%E6%B4%A5%E5%B1%B1%E5%B8%82,科学系施設,,,"公式サイト：http://www.fushigikan.jp/
Wikipedia：https://ja.wikipedia.org/wiki/%E3%81%A4%E3%82%84%E3%81%BE%E8%87%AA%E7%84%B6%E3%81%AE%E3%81%B5%E3%81%97%E3%81%8E%E9%A4%A8"
広島県,広島市,広島市江波山気象館,気象,全国穴場スポット巡りIN広島・江波 広島湾を一望する江波山気象館 | ご当地巡りの旅,https://gotouchisekai.com/eba-hiroshima/,,,,,1934年竣工。,http://www.ebayama.jp/,https://www.google.com/maps/search/?api=1&query=%E5%BA%83%E5%B3%B6%E5%B8%82%E6%B1%9F%E6%B3%A2%E5%B1%B1%E6%B0%97%E8%B1%A1%E9%A4%A8%20%E5%BA%83%E5%B3%B6%E7%9C%8C%20%E5%BA%83%E5%B3%B6%E5%B8%82,科学系施設,,,"公式サイト：http://www.ebayama.jp/
Wikipedia：https://ja.wikipedia.org/wiki/%E5%BA%83%E5%B3%B6%E5%B8%82%E6%B1%9F%E6%B3%A2%E5%B1%B1%E6%B0%97%E8%B1%A1%E9%A4%A8"
広島県,広島市,広島市健康科学館,人体・健康科学,,,,,,,,http://www.kenkou.city.hiroshima.jp/,https://www.google.com/maps/search/?api=1&query=%E5%BA%83%E5%B3%B6%E5%B8%82%E5%81%A5%E5%BA%B7%E7%A7%91%E5%AD%A6%E9%A4%A8%20%E5%BA%83%E5%B3%B6%E7%9C%8C%20%E5%BA%83%E5%B3%B6%E5%B8%82,科学系施設,,,公式サイト：http://www.kenkou.city.hiroshima.jp/
福岡県,久留米市,福岡県青少年科学館,科学館,〖福岡県青少年科学館〗に行ってきましたⅠ　久留米の科学館 - 育児猫の育児日記,https://www.ikujineko.com/entry/seishonenkagakukan,,,,,1990年開館。,http://www.science.pref.fukuoka.jp/,https://www.google.com/maps/search/?api=1&query=%E7%A6%8F%E5%B2%A1%E7%9C%8C%E9%9D%92%E5%B0%91%E5%B9%B4%E7%A7%91%E5%AD%A6%E9%A4%A8%20%E7%A6%8F%E5%B2%A1%E7%9C%8C%20%E4%B9%85%E7%95%99%E7%B1%B3%E5%B8%82,科学系施設,,,"公式サイト：http://www.science.pref.fukuoka.jp/
Wikipedia：https://ja.wikipedia.org/wiki/%E7%A6%8F%E5%B2%A1%E7%9C%8C%E9%9D%92%E5%B0%91%E5%B9%B4%E7%A7%91%E5%AD%A6%E9%A4%A8"
福岡県,北九州市,北九州市科学館 スペースLABO,科学館,〖旅行〗北九州「スペースLABO」に行ってきました。サイエンスLABO編｜Kei*元図書館司書*男の子ママ,https://note.com/kei_booklog/n/na7a4d17b4f21,,,,,,https://www.kitakyushuspacelabo.jp/,https://www.google.com/maps/search/?api=1&query=%E5%8C%97%E4%B9%9D%E5%B7%9E%E5%B8%82%E7%A7%91%E5%AD%A6%E9%A4%A8%20%E3%82%B9%E3%83%9A%E3%83%BC%E3%82%B9LABO%20%E7%A6%8F%E5%B2%A1%E7%9C%8C%20%E5%8C%97%E4%B9%9D%E5%B7%9E%E5%B8%82,科学系施設,,,公式サイト：https://www.kitakyushuspacelabo.jp/
東京都,葛飾区,水元公園 水辺の生きもの館,自然観察,水辺の生きもの館(水元公園) | フリーター、ヤギを飼う！,https://ameblo.jp/yagi2015/entry-12904204598.html,,,,,10:00～17:00。 月曜日休館。,https://www.tokyo-park.or.jp/park/format/facilities041.html,https://www.google.com/maps/search/?api=1&query=%E6%B0%B4%E5%85%83%E5%85%AC%E5%9C%92%20%E6%B0%B4%E8%BE%BA%E3%81%AE%E7%94%9F%E3%81%8D%E3%82%82%E3%81%AE%E9%A4%A8%20%E6%9D%B1%E4%BA%AC%E9%83%BD%20%E8%91%9B%E9%A3%BE%E5%8C%BA,科学系施設,,,公式サイト：https://www.tokyo-park.or.jp/park/format/facilities041.html
東京都,目黒区,目黒寄生虫館,寄生虫・生物,〖東京〗目黒寄生虫館へ行ってきた〖名所〗｜Kana,https://note.com/kanago/n/nb5641082769d,,,,,,https://www.kiseichu.org/,https://www.google.com/maps/search/?api=1&query=%E7%9B%AE%E9%BB%92%E5%AF%84%E7%94%9F%E8%99%AB%E9%A4%A8%20%E6%9D%B1%E4%BA%AC%E9%83%BD%20%E7%9B%AE%E9%BB%92%E5%8C%BA,科学系施設,,,"公式サイト：https://www.kiseichu.org/
Wikipedia：https://ja.wikipedia.org/wiki/%E7%9B%AE%E9%BB%92%E5%AF%84%E7%94%9F%E8%99%AB%E9%A4%A8"
東京都,江東区,IHIものづくり館 i-muse,産業技術,,,,,,,９:３０～１７:３０,http://www.ihi.co.jp/i-muse/,https://www.google.com/maps/search/?api=1&query=IHI%E3%82%82%E3%81%AE%E3%81%A5%E3%81%8F%E3%82%8A%E9%A4%A8%20i-muse%20%E6%9D%B1%E4%BA%AC%E9%83%BD%20%E6%B1%9F%E6%9D%B1%E5%8C%BA,科学系施設,,,公式サイト：http://www.ihi.co.jp/i-muse/
青森県,八戸市,八戸市水産科学館マリエント,海洋・水産,〖自意識旅行記 青森①〗　ウミネコネコネコ、マリエント｜斜め前,https://note.com/nanamemae_/n/n0f522a9e012b,,,,,,,https://www.google.com/maps/search/?api=1&query=%E5%85%AB%E6%88%B8%E5%B8%82%E6%B0%B4%E7%94%A3%E7%A7%91%E5%AD%A6%E9%A4%A8%E3%83%9E%E3%83%AA%E3%82%A8%E3%83%B3%E3%83%88%20%E9%9D%92%E6%A3%AE%E7%9C%8C%20%E5%85%AB%E6%88%B8%E5%B8%82,科学系施設,,,
東京都,港区,東京海洋大学マリンサイエンスミュージアム,海洋・大学,全国自然博物館の旅〖18〗東京海洋大学マリンサイエンスミュージアム｜美原さつき,https://note.com/satsukimihara/n/n98db9feb98f7,,,,,,https://www.s.kaiyodai.ac.jp/msm/index.html,https://www.google.com/maps/search/?api=1&query=%E6%9D%B1%E4%BA%AC%E6%B5%B7%E6%B4%8B%E5%A4%A7%E5%AD%A6%E3%83%9E%E3%83%AA%E3%83%B3%E3%82%B5%E3%82%A4%E3%82%A8%E3%83%B3%E3%82%B9%E3%83%9F%E3%83%A5%E3%83%BC%E3%82%B8%E3%82%A2%E3%83%A0%20%E6%9D%B1%E4%BA%AC%E9%83%BD%20%E6%B8%AF%E5%8C%BA,科学系施設,,,公式サイト：https://www.s.kaiyodai.ac.jp/msm/index.html
北海道,北見市,北網圏北見文化センター,科学館・児童科学館,北網圏北見文化センター　プラネタリウム祭り | 　十勝野機動部隊,https://ameblo.jp/marbo555/entry-12318455219.html,,,,,科学館・博物館・美術館・プラネタリウム複合施設 開館年：1984年。 月曜日休館。9:30〜16:30。,https://hokumouken.com/,https://www.google.com/maps/search/?api=1&query=%E5%8C%97%E7%B6%B2%E5%9C%8F%E5%8C%97%E8%A6%8B%E6%96%87%E5%8C%96%E3%82%BB%E3%83%B3%E3%82%BF%E3%83%BC%20%E5%8C%97%E6%B5%B7%E9%81%93%20%E5%8C%97%E8%A6%8B%E5%B8%82,リミナル科学館,,,公式サイト：https://hokumouken.com/
京都府,京都市,京都市青少年科学センター,科学館・児童科学館,〖京都〗京都市青少年科学センター3歳と行ってきた〖レビュー〗 | みつママ子育て奮闘記,https://mitumama.net/sciencecenter-kyoto/,,,,,1960年代開館の青少年科学センター 開館年：1969年。,http://www.edu.city.kyoto.jp/science/,https://www.google.com/maps/search/?api=1&query=%E4%BA%AC%E9%83%BD%E5%B8%82%E9%9D%92%E5%B0%91%E5%B9%B4%E7%A7%91%E5%AD%A6%E3%82%BB%E3%83%B3%E3%82%BF%E3%83%BC%20%E4%BA%AC%E9%83%BD%E5%BA%9C%20%E4%BA%AC%E9%83%BD%E5%B8%82,リミナル科学館,,,公式サイト：http://www.edu.city.kyoto.jp/science/
京都府,福知山市,福知山市児童科学館,科学館・児童科学館,福知山市児童科学館を子連れ体験レポ！巨大からくり＆不思議な家が楽しすぎる｜雨の日にもおすすめ | 京都の子連れお出かけ情報｜京都の休日ガイド｜ちいかわ家,https://chiikawake.com/%E7%A6%8F%E7%9F%A5%E5%B1%B1%E5%B8%82%E5%85%90%E7%AB%A5%E7%A7%91%E5%AD%A6%E9%A4%A8%E3%82%92%E5%AD%90%E9%80%A3%E3%82%8C%E4%BD%93%E9%A8%93%E3%83%AC%E3%83%9D%EF%BC%81%E5%B7%A8%E5%A4%A7%E3%81%8B%E3%82%89/,,,,,９:００〜１７:００。 水曜日休館。,https://www.sandanike-kouen.or.jp/science-museum/,https://www.google.com/maps/search/?api=1&query=%E7%A6%8F%E7%9F%A5%E5%B1%B1%E5%B8%82%E5%85%90%E7%AB%A5%E7%A7%91%E5%AD%A6%E9%A4%A8%20%E4%BA%AC%E9%83%BD%E5%BA%9C%20%E7%A6%8F%E7%9F%A5%E5%B1%B1%E5%B8%82,リミナル科学館,,,"公式サイト：https://www.sandanike-kouen.or.jp/science-museum/
Wikipedia：https://ja.wikipedia.org/wiki/%E7%A6%8F%E7%9F%A5%E5%B1%B1%E5%B8%82%E5%85%90%E7%AB%A5%E7%A7%91%E5%AD%A6%E9%A4%A8"
岐阜県,岐阜市,岐阜市科学館,科学館・児童科学館,岐阜市科学館に行ってきた｜読書ナリ（dokushonary）,https://note.com/dokushonary/n/nbacb707820ed,,,,,前身は1955年。児童科学館の古い系譜 開館年：1980年。 月曜日休館。,https://www.city.gifu.lg.jp/kankoubunka/kagakukan/index.html,https://www.google.com/maps/search/?api=1&query=%E5%B2%90%E9%98%9C%E5%B8%82%E7%A7%91%E5%AD%A6%E9%A4%A8%20%E5%B2%90%E9%98%9C%E7%9C%8C%20%E5%B2%90%E9%98%9C%E5%B8%82,リミナル科学館,,,公式サイト：https://www.city.gifu.lg.jp/kankoubunka/kagakukan/index.html
兵庫県,伊丹市,伊丹市立こども文化科学館,科学館・児童科学館,関西発・子どもとお出かけ隊ブログ！: 伊丹市立こども文化科学館,https://ryokougurume.blogspot.com/2014/09/blog-post.html,,,,,平成初期型の公共科学施設 開館年：1990年。 火曜休館。9:00〜17:15。,https://www.city.itami.lg.jp/SOSIKI/KODOMO/kodomobunka_kagakukan/index.html,https://www.google.com/maps/search/?api=1&query=%E4%BC%8A%E4%B8%B9%E5%B8%82%E7%AB%8B%E3%81%93%E3%81%A9%E3%82%82%E6%96%87%E5%8C%96%E7%A7%91%E5%AD%A6%E9%A4%A8%20%E5%85%B5%E5%BA%AB%E7%9C%8C%20%E4%BC%8A%E4%B8%B9%E5%B8%82,リミナル科学館,,,公式サイト：https://www.city.itami.lg.jp/SOSIKI/KODOMO/kodomobunka_kagakukan/index.html
兵庫県,加古川市,加古川総合文化センター,文化センター・公共施設,,,,,,,文化施設と科学・宇宙展示の複合 開館年：1985年。 月曜日休館。,https://www.kakogawa-sougoubunka.jp/,https://www.google.com/maps/search/?api=1&query=%E5%8A%A0%E5%8F%A4%E5%B7%9D%E7%B7%8F%E5%90%88%E6%96%87%E5%8C%96%E3%82%BB%E3%83%B3%E3%82%BF%E3%83%BC%20%E5%85%B5%E5%BA%AB%E7%9C%8C%20%E5%8A%A0%E5%8F%A4%E5%B7%9D%E5%B8%82,リミナル科学館,,,公式サイト：https://www.kakogawa-sougoubunka.jp/
大阪府,東大阪市,東大阪市立児童文化スポーツセンター ドリーム21,科学館・児童科学館,東大阪市立児童文化スポーツセンター　ドリーム21（東大阪市松原南） 〖ぎゃるまま日記／ギャルママ日記（関西グルメ情報&おでかけ情報）〗,https://galmama.net/blog-entry-2663.html,,,,,平成初期型児童施設 開館年：1991年。,,https://www.google.com/maps/search/?api=1&query=%E6%9D%B1%E5%A4%A7%E9%98%AA%E5%B8%82%E7%AB%8B%E5%85%90%E7%AB%A5%E6%96%87%E5%8C%96%E3%82%B9%E3%83%9D%E3%83%BC%E3%83%84%E3%82%BB%E3%83%B3%E3%82%BF%E3%83%BC%20%E3%83%89%E3%83%AA%E3%83%BC%E3%83%A021%20%E5%A4%A7%E9%98%AA%E5%BA%9C%20%E6%9D%B1%E5%A4%A7%E9%98%AA%E5%B8%82,リミナル科学館,,,
大阪府,富田林市,すばるホール,文化センター・公共施設,すばるホール（富田林市）の自習室に行ってきました。(2021年03月30日)｜キニナル,https://note.com/kininaru_note/n/n400e16218f9a,,,,,文化ホール＋プラネタリウム 開館年：1991年。,http://subaruhall.org/,https://www.google.com/maps/search/?api=1&query=%E3%81%99%E3%81%B0%E3%82%8B%E3%83%9B%E3%83%BC%E3%83%AB%20%E5%A4%A7%E9%98%AA%E5%BA%9C%20%E5%AF%8C%E7%94%B0%E6%9E%97%E5%B8%82,リミナル科学館,,,公式サイト：http://subaruhall.org/
福岡県,大牟田市,大牟田文化会館,文化センター・公共施設,,,,,,,文化会館内プラネタリウム 開館年：1986年。9:00～22:00。 月曜日休館。,https://omuta-bunka-kaikan.or.jp/,https://www.google.com/maps/search/?api=1&query=%E5%A4%A7%E7%89%9F%E7%94%B0%E6%96%87%E5%8C%96%E4%BC%9A%E9%A4%A8%20%E7%A6%8F%E5%B2%A1%E7%9C%8C%20%E5%A4%A7%E7%89%9F%E7%94%B0%E5%B8%82,リミナル科学館,,,公式サイト：https://omuta-bunka-kaikan.or.jp/
福岡県,宗像市,宗像ユリックス,文化センター・公共施設,#21ゼロから公民連携にチャレンジ　レポ​〖宗像ユリックス視察〗公共施設リノベの最適解。「Mu-Mo」にみる、これからの全天候型こども広場の公民連携デザイン｜土木作業員からコンサルへ@鈴木戒,https://note.com/fabconnect/n/n606b89bd423f,,,,,平成初期の大型複合公共施設 開館年：1993年。,https://yurix.munakata.com/index.php,https://www.google.com/maps/search/?api=1&query=%E5%AE%97%E5%83%8F%E3%83%A6%E3%83%AA%E3%83%83%E3%82%AF%E3%82%B9%20%E7%A6%8F%E5%B2%A1%E7%9C%8C%20%E5%AE%97%E5%83%8F%E5%B8%82,リミナル科学館,,,公式サイト：https://yurix.munakata.com/index.php
東京都,千代田区,科学技術館,科学館・児童科学館,科学館レビュー３４：科学技術館（東京都千代田区）｜ぬばたま みどり＠化学系VTuber,https://note.com/midori_nubatama/n/ncba71668b209,,,,,高度経済成長期の科学教育施設 開館年：1964年。09:30～16:50,https://www.jsf.or.jp/,https://www.google.com/maps/search/?api=1&query=%E7%A7%91%E5%AD%A6%E6%8A%80%E8%A1%93%E9%A4%A8%20%E6%9D%B1%E4%BA%AC%E9%83%BD%20%E5%8D%83%E4%BB%A3%E7%94%B0%E5%8C%BA,リミナル科学館,,,公式サイト：https://www.jsf.or.jp/
大阪府,大阪市,大阪市立科学館,科学館・児童科学館,ゆーあびるのどこまでやるの！: 大阪旅行⑩　大阪市立科学館,https://saitouyuki.blogspot.com/2013/02/blog-post_2580.html,,,,,平成初期建築。改装あり 開館年：1989年。,https://www.sci-museum.jp/,https://www.google.com/maps/search/?api=1&query=%E5%A4%A7%E9%98%AA%E5%B8%82%E7%AB%8B%E7%A7%91%E5%AD%A6%E9%A4%A8%20%E5%A4%A7%E9%98%AA%E5%BA%9C%20%E5%A4%A7%E9%98%AA%E5%B8%82,リミナル科学館,,,公式サイト：https://www.sci-museum.jp/
東京都,江東区,東京都立第五福竜丸展示館,都立展示施設,,,,,,,独立展示館・大空間・船体展示。建物内部の空間体験が強い。９時３０分〜１６時。1976年竣工。,http://d5f.org/,https://www.google.com/maps/search/?api=1&query=%E6%9D%B1%E4%BA%AC%E9%83%BD%E7%AB%8B%E7%AC%AC%E4%BA%94%E7%A6%8F%E7%AB%9C%E4%B8%B8%E5%B1%95%E7%A4%BA%E9%A4%A8%20%E6%9D%B1%E4%BA%AC%E9%83%BD%20%E6%B1%9F%E6%9D%B1%E5%8C%BA,公共空間,,,"公式サイト：http://d5f.org/
Wikipedia：https://ja.wikipedia.org/wiki/%E6%9D%B1%E4%BA%AC%E9%83%BD%E7%AB%8B%E7%AC%AC%E4%BA%94%E7%A6%8F%E7%AB%9C%E4%B8%B8%E5%B1%95%E7%A4%BA%E9%A4%A8"
茨城県,つくば市,地図と測量の科学館,国土地理院・展示施設,〖茨城県〗国土地理院のB-65P - 用廃機ハンターが行く！,https://wrecks.hatenablog.com/entry/2020/11/19/071303,,,,,一般入館。,http://www.gsi.go.jp/MUSEUM/,https://www.google.com/maps/search/?api=1&query=%E5%9C%B0%E5%9B%B3%E3%81%A8%E6%B8%AC%E9%87%8F%E3%81%AE%E7%A7%91%E5%AD%A6%E9%A4%A8%20%E8%8C%A8%E5%9F%8E%E7%9C%8C%20%E3%81%A4%E3%81%8F%E3%81%B0%E5%B8%82,見学可能な公的建築,,,公式サイト：http://www.gsi.go.jp/MUSEUM/
東京都,小平市,国立極地研究所 南極・北極科学館,国立研究機関・展示施設,,,,,,,一般入館。極地観測機器・雪上車などを収蔵する研究所系施設。10:00～17:00。 日曜日休館。,http://www.nipr.ac.jp/science-museum,https://www.google.com/maps/search/?api=1&query=%E5%9B%BD%E7%AB%8B%E6%A5%B5%E5%9C%B0%E7%A0%94%E7%A9%B6%E6%89%80%20%E5%8D%97%E6%A5%B5%E3%83%BB%E5%8C%97%E6%A5%B5%E7%A7%91%E5%AD%A6%E9%A4%A8%20%E6%9D%B1%E4%BA%AC%E9%83%BD%20%E5%B0%8F%E5%B9%B3%E5%B8%82,見学可能な公的建築,,,公式サイト：http://www.nipr.ac.jp/science-museum
